"timestamp_per_hour","host_name","avg_cpu_idle_pct"
"2020-10-26 00:00","srvmtszrh040.mts.pri","14.265"
"2020-10-26 00:00","srvmtszrh042.mts.pri","10.148"
"2020-10-26 01:00","srvmtszrh040.mts.pri","14.829"
"2020-10-26 01:00","srvmtszrh042.mts.pri","10.939"
"2020-10-26 02:00","srvmtszrh040.mts.pri","13.822"
"2020-10-26 02:00","srvmtszrh042.mts.pri","10.384"
"2020-10-26 03:00","srvmtszrh042.mts.pri","10.365"
"2020-10-26 03:00","srvmtszrh040.mts.pri","8.49"
"2020-10-26 04:00","srvmtszrh042.mts.pri","12.945"
"2020-10-26 04:00","srvmtszrh040.mts.pri","12.381"
"2020-10-26 05:00","srvmtszrh042.mts.pri","13.726"
"2020-10-26 05:00","srvmtszrh040.mts.pri","12.301"
"2020-10-26 06:00","srvmtszrh040.mts.pri","16.628"
"2020-10-26 06:00","srvmtszrh042.mts.pri","12.81"
"2020-10-26 07:00","srvmtszrh040.mts.pri","16.749"
"2020-10-26 07:00","srvmtszrh042.mts.pri","12.976"
"2020-10-26 08:00","srvmtszrh040.mts.pri","16.263"
"2020-10-26 08:00","srvmtszrh042.mts.pri","11.529"
"2020-10-26 09:00","srvmtszrh040.mts.pri","11.807"
"2020-10-26 09:00","srvmtszrh042.mts.pri","8.588"
"2020-10-26 10:00","srvmtszrh040.mts.pri","12.119"
"2020-10-26 10:00","srvmtszrh042.mts.pri","8.219"
"2020-10-26 11:00","srvmtszrh040.mts.pri","11.668"
"2020-10-26 11:00","srvmtszrh042.mts.pri","7.021"
"2020-10-26 12:00","srvmtszrh040.mts.pri","7.985"
"2020-10-26 12:00","srvmtszrh042.mts.pri","3.103"
"2020-10-26 13:00","srvmtszrh040.mts.pri","8.996"
"2020-10-26 13:00","srvmtszrh042.mts.pri","2.577"
"2020-10-26 14:00","srvmtszrh040.mts.pri","13.958"
"2020-10-26 14:00","srvmtszrh042.mts.pri","2.869"
"2020-10-26 15:00","srvmtszrh040.mts.pri","13.789"
"2020-10-26 15:00","srvmtszrh042.mts.pri","4.032"
"2020-10-26 16:00","srvmtszrh040.mts.pri","14.359"
"2020-10-26 16:00","srvmtszrh042.mts.pri","3.698"
"2020-10-26 17:00","srvmtszrh040.mts.pri","14.644"
"2020-10-26 17:00","srvmtszrh042.mts.pri","3.375"
"2020-10-26 18:00","srvmtszrh040.mts.pri","14.192"
"2020-10-26 18:00","srvmtszrh042.mts.pri","0.345"
"2020-10-26 19:00","srvmtszrh040.mts.pri","13.642"
"2020-10-26 19:00","srvmtszrh042.mts.pri","0.234"
"2020-10-26 20:00","srvmtszrh040.mts.pri","13.862"
"2020-10-26 20:00","srvmtszrh042.mts.pri","0.214"
"2020-10-26 21:00","srvmtszrh040.mts.pri","14.815"
"2020-10-26 21:00","srvmtszrh042.mts.pri","4.58"
"2020-10-26 22:00","srvmtszrh040.mts.pri","16.491"
"2020-10-26 22:00","srvmtszrh042.mts.pri","0.434"
"2020-10-26 23:00","srvmtszrh040.mts.pri","15.383"
"2020-10-26 23:00","srvmtszrh042.mts.pri","0.368"
"2020-10-27 00:00","srvmtszrh040.mts.pri","15.362"
"2020-10-27 00:00","srvmtszrh042.mts.pri","0.198"
"2020-10-27 01:00","srvmtszrh040.mts.pri","15.224"
"2020-10-27 01:00","srvmtszrh042.mts.pri","0.263"
"2020-10-27 02:00","srvmtszrh040.mts.pri","15.578"
"2020-10-27 02:00","srvmtszrh042.mts.pri","0.284"
"2020-10-27 03:00","srvmtszrh040.mts.pri","10.704"
"2020-10-27 03:00","srvmtszrh042.mts.pri","0.298"
"2020-10-27 04:00","srvmtszrh040.mts.pri","16.415"
"2020-10-27 04:00","srvmtszrh042.mts.pri","0.355"
"2020-10-27 05:00","srvmtszrh040.mts.pri","12.149"
"2020-10-27 05:00","srvmtszrh042.mts.pri","0.508"
"2020-10-27 06:00","srvmtszrh040.mts.pri","17.757"
"2020-10-27 06:00","srvmtszrh042.mts.pri","0.324"
"2020-10-27 07:00","srvmtszrh040.mts.pri","17.721"
"2020-10-27 07:00","srvmtszrh042.mts.pri","0.938"
"2020-10-27 08:00","srvmtszrh040.mts.pri","16.155"
"2020-10-27 08:00","srvmtszrh042.mts.pri","0.294"
"2020-10-27 09:00","srvmtszrh040.mts.pri","13.055"
"2020-10-27 09:00","srvmtszrh042.mts.pri","1.14"
"2020-10-27 10:00","srvmtszrh040.mts.pri","12.256"
"2020-10-27 10:00","srvmtszrh042.mts.pri","0.165"
"2020-10-27 11:00","srvmtszrh040.mts.pri","12.302"
"2020-10-27 11:00","srvmtszrh042.mts.pri","0.151"
"2020-10-27 12:00","srvmtszrh040.mts.pri","9.43"
"2020-10-27 12:00","srvmtszrh042.mts.pri","0.102"
"2020-10-27 13:00","srvmtszrh040.mts.pri","11.783"
"2020-10-27 13:00","srvmtszrh042.mts.pri","0.123"
"2020-10-27 14:00","srvmtszrh040.mts.pri","14.068"
"2020-10-27 14:00","srvmtszrh042.mts.pri","0.631"
"2020-10-27 15:00","srvmtszrh040.mts.pri","14.236"
"2020-10-27 15:00","srvmtszrh042.mts.pri","2.122"
"2020-10-27 16:00","srvmtszrh040.mts.pri","14.675"
"2020-10-27 16:00","srvmtszrh042.mts.pri","3.303"
"2020-10-27 17:00","srvmtszrh040.mts.pri","14.251"
"2020-10-27 17:00","srvmtszrh042.mts.pri","0.53"
"2020-10-27 18:00","srvmtszrh040.mts.pri","14.174"
"2020-10-27 18:00","srvmtszrh042.mts.pri","1.608"
"2020-10-27 19:00","srvmtszrh040.mts.pri","14.146"
"2020-10-27 19:00","srvmtszrh042.mts.pri","5.635"
"2020-10-27 20:00","srvmtszrh040.mts.pri","14.552"
"2020-10-27 20:00","srvmtszrh042.mts.pri","7.706"
"2020-10-27 21:00","srvmtszrh040.mts.pri","13.945"
"2020-10-27 21:00","srvmtszrh042.mts.pri","11.026"
"2020-10-27 22:00","srvmtszrh040.mts.pri","16.165"
"2020-10-27 22:00","srvmtszrh042.mts.pri","10.107"
"2020-10-27 23:00","srvmtszrh040.mts.pri","15.341"
"2020-10-27 23:00","srvmtszrh042.mts.pri","10.252"
"2020-10-28 00:00","srvmtszrh040.mts.pri","16.167"
"2020-10-28 00:00","srvmtszrh042.mts.pri","11.148"
"2020-10-28 01:00","srvmtszrh042.mts.pri","13.471"
"2020-10-28 01:00","srvmtszrh040.mts.pri","13.425"
"2020-10-28 02:00","srvmtszrh040.mts.pri","13.064"
"2020-10-28 02:00","srvmtszrh042.mts.pri","12.731"
"2020-10-28 03:00","srvmtszrh042.mts.pri","13.209"
"2020-10-28 03:00","srvmtszrh040.mts.pri","8.288"
"2020-10-28 04:00","srvmtszrh042.mts.pri","14.334"
"2020-10-28 04:00","srvmtszrh040.mts.pri","10.527"
"2020-10-28 05:00","srvmtszrh042.mts.pri","13.205"
"2020-10-28 05:00","srvmtszrh040.mts.pri","10.276"
"2020-10-28 06:00","srvmtszrh040.mts.pri","14.631"
"2020-10-28 06:00","srvmtszrh042.mts.pri","13.242"
"2020-10-28 07:00","srvmtszrh040.mts.pri","17.04"
"2020-10-28 07:00","srvmtszrh042.mts.pri","14.813"
"2020-10-28 08:00","srvmtszrh040.mts.pri","16.493"
"2020-10-28 08:00","srvmtszrh042.mts.pri","12.238"
"2020-10-28 09:00","srvmtszrh040.mts.pri","14.587"
"2020-10-28 09:00","srvmtszrh042.mts.pri","6.226"
"2020-10-28 10:00","srvmtszrh042.mts.pri","14.608"
"2020-10-28 10:00","srvmtszrh040.mts.pri","12.941"
"2020-10-28 11:00","srvmtszrh040.mts.pri","12.033"
"2020-10-28 11:00","srvmtszrh042.mts.pri","4.338"
"2020-10-28 12:00","srvmtszrh040.mts.pri","9.346"
"2020-10-28 12:00","srvmtszrh042.mts.pri","1.67"
"2020-10-28 13:00","srvmtszrh040.mts.pri","9.284"
"2020-10-28 13:00","srvmtszrh042.mts.pri","0.948"
"2020-10-28 14:00","srvmtszrh040.mts.pri","11.231"
"2020-10-28 14:00","srvmtszrh042.mts.pri","1.523"
"2020-10-28 15:00","srvmtszrh040.mts.pri","13.514"
"2020-10-28 15:00","srvmtszrh042.mts.pri","5.503"
"2020-10-28 16:00","srvmtszrh040.mts.pri","14.461"
"2020-10-28 16:00","srvmtszrh042.mts.pri","7.6"
"2020-10-28 17:00","srvmtszrh040.mts.pri","13.467"
"2020-10-28 17:00","srvmtszrh042.mts.pri","8.494"
"2020-10-28 18:00","srvmtszrh040.mts.pri","13.169"
"2020-10-28 18:00","srvmtszrh042.mts.pri","9.006"
"2020-10-28 19:00","srvmtszrh040.mts.pri","14.12"
"2020-10-28 19:00","srvmtszrh042.mts.pri","10.159"
"2020-10-28 20:00","srvmtszrh040.mts.pri","13.945"
"2020-10-28 20:00","srvmtszrh042.mts.pri","11.368"
"2020-10-28 21:00","srvmtszrh040.mts.pri","13.512"
"2020-10-28 21:00","srvmtszrh042.mts.pri","11.267"
"2020-10-28 22:00","srvmtszrh040.mts.pri","15.211"
"2020-10-28 22:00","srvmtszrh042.mts.pri","11.539"
"2020-10-28 23:00","srvmtszrh040.mts.pri","15.149"
"2020-10-28 23:00","srvmtszrh042.mts.pri","9.744"
"2020-10-29 00:00","srvmtszrh040.mts.pri","12.742"
"2020-10-29 00:00","srvmtszrh042.mts.pri","10.279"
"2020-10-29 01:00","srvmtszrh040.mts.pri","14.091"
"2020-10-29 01:00","srvmtszrh042.mts.pri","10.934"
"2020-10-29 02:00","srvmtszrh040.mts.pri","14.989"
"2020-10-29 02:00","srvmtszrh042.mts.pri","11.528"
"2020-10-29 03:00","srvmtszrh042.mts.pri","11.189"
"2020-10-29 03:00","srvmtszrh040.mts.pri","10.654"
"2020-10-29 04:00","srvmtszrh040.mts.pri","14.865"
"2020-10-29 04:00","srvmtszrh042.mts.pri","11.295"
"2020-10-29 05:00","srvmtszrh040.mts.pri","12.766"
"2020-10-29 05:00","srvmtszrh042.mts.pri","9.212"
"2020-10-29 06:00","srvmtszrh040.mts.pri","16.848"
"2020-10-29 06:00","srvmtszrh042.mts.pri","12.562"
"2020-10-29 07:00","srvmtszrh040.mts.pri","16.886"
"2020-10-29 07:00","srvmtszrh042.mts.pri","14.09"
"2020-10-29 08:00","srvmtszrh040.mts.pri","15.959"
"2020-10-29 08:00","srvmtszrh042.mts.pri","6.771"
"2020-10-29 09:00","srvmtszrh040.mts.pri","12.741"
"2020-10-29 09:00","srvmtszrh042.mts.pri","4.713"
"2020-10-29 10:00","srvmtszrh040.mts.pri","12.055"
"2020-10-29 10:00","srvmtszrh042.mts.pri","2.444"
"2020-10-29 11:00","srvmtszrh040.mts.pri","12.682"
"2020-10-29 11:00","srvmtszrh042.mts.pri","2.199"
"2020-10-29 12:00","srvmtszrh040.mts.pri","10.245"
"2020-10-29 12:00","srvmtszrh042.mts.pri","0.764"
"2020-10-29 13:00","srvmtszrh040.mts.pri","11.797"
"2020-10-29 13:00","srvmtszrh042.mts.pri","3.201"
"2020-10-29 14:00","srvmtszrh040.mts.pri","13.072"
"2020-10-29 14:00","srvmtszrh042.mts.pri","2.667"
"2020-10-29 15:00","srvmtszrh040.mts.pri","13.835"
"2020-10-29 15:00","srvmtszrh042.mts.pri","4.146"
"2020-10-29 16:00","srvmtszrh040.mts.pri","13.804"
"2020-10-29 16:00","srvmtszrh042.mts.pri","8.135"
"2020-10-29 17:00","srvmtszrh040.mts.pri","13.813"
"2020-10-29 17:00","srvmtszrh042.mts.pri","7.932"
"2020-10-29 18:00","srvmtszrh040.mts.pri","14.168"
"2020-10-29 18:00","srvmtszrh042.mts.pri","9.372"
"2020-10-29 19:00","srvmtszrh040.mts.pri","13.639"
"2020-10-29 19:00","srvmtszrh042.mts.pri","9.693"
"2020-10-29 20:00","srvmtszrh040.mts.pri","14.156"
"2020-10-29 20:00","srvmtszrh042.mts.pri","10.34"
"2020-10-29 21:00","srvmtszrh040.mts.pri","13.338"
"2020-10-29 21:00","srvmtszrh042.mts.pri","10.28"
"2020-10-29 22:00","srvmtszrh040.mts.pri","14.921"
"2020-10-29 22:00","srvmtszrh042.mts.pri","9.687"
"2020-10-29 23:00","srvmtszrh040.mts.pri","14.604"
"2020-10-29 23:00","srvmtszrh042.mts.pri","11.594"
"2020-10-30 00:00","srvmtszrh040.mts.pri","14.464"
"2020-10-30 00:00","srvmtszrh042.mts.pri","10.542"
"2020-10-30 01:00","srvmtszrh040.mts.pri","14.784"
"2020-10-30 01:00","srvmtszrh042.mts.pri","12.104"
"2020-10-30 02:00","srvmtszrh040.mts.pri","14.77"
"2020-10-30 02:00","srvmtszrh042.mts.pri","10.452"
"2020-10-30 03:00","srvmtszrh040.mts.pri","13.345"
"2020-10-30 03:00","srvmtszrh042.mts.pri","10.395"
"2020-10-30 04:00","srvmtszrh040.mts.pri","15.73"
"2020-10-30 04:00","srvmtszrh042.mts.pri","11.358"
"2020-10-30 05:00","srvmtszrh040.mts.pri","12.606"
"2020-10-30 05:00","srvmtszrh042.mts.pri","9.952"
"2020-10-30 06:00","srvmtszrh040.mts.pri","17.396"
"2020-10-30 06:00","srvmtszrh042.mts.pri","12.132"
"2020-10-30 07:00","srvmtszrh040.mts.pri","17.37"
"2020-10-30 07:00","srvmtszrh042.mts.pri","12.736"
"2020-10-30 08:00","srvmtszrh040.mts.pri","15.705"
"2020-10-30 08:00","srvmtszrh042.mts.pri","10.549"
"2020-10-30 09:00","srvmtszrh040.mts.pri","12.735"
"2020-10-30 09:00","srvmtszrh042.mts.pri","9.464"
"2020-10-30 10:00","srvmtszrh042.mts.pri","11.396"
"2020-10-30 10:00","srvmtszrh040.mts.pri","8.377"
"2020-10-30 11:00","srvmtszrh040.mts.pri","6.387"
"2020-10-30 11:00","srvmtszrh042.mts.pri","6.032"
"2020-10-30 12:00","srvmtszrh040.mts.pri","4.63"
"2020-10-30 12:00","srvmtszrh042.mts.pri","3.988"
"2020-10-30 13:00","srvmtszrh040.mts.pri","6.305"
"2020-10-30 13:00","srvmtszrh042.mts.pri","5.721"
"2020-10-30 14:00","srvmtszrh042.mts.pri","8.571"
"2020-10-30 14:00","srvmtszrh040.mts.pri","7.395"
"2020-10-30 15:00","srvmtszrh042.mts.pri","7.518"
"2020-10-30 15:00","srvmtszrh040.mts.pri","7.273"
"2020-10-30 16:00","srvmtszrh042.mts.pri","8.274"
"2020-10-30 16:00","srvmtszrh040.mts.pri","8.226"
"2020-10-30 17:00","srvmtszrh042.mts.pri","9.149"
"2020-10-30 17:00","srvmtszrh040.mts.pri","8.95"
"2020-10-30 18:00","srvmtszrh042.mts.pri","9.466"
"2020-10-30 18:00","srvmtszrh040.mts.pri","7.082"
"2020-10-30 19:00","srvmtszrh042.mts.pri","11.812"
"2020-10-30 19:00","srvmtszrh040.mts.pri","9.147"
"2020-10-30 20:00","srvmtszrh042.mts.pri","13.129"
"2020-10-30 20:00","srvmtszrh040.mts.pri","9.846"
"2020-10-30 21:00","srvmtszrh042.mts.pri","12.753"
"2020-10-30 21:00","srvmtszrh040.mts.pri","9.095"
"2020-10-30 22:00","srvmtszrh042.mts.pri","14.25"
"2020-10-30 22:00","srvmtszrh040.mts.pri","11.537"
"2020-10-30 23:00","srvmtszrh042.mts.pri","12.66"
"2020-10-30 23:00","srvmtszrh040.mts.pri","8.409"
"2020-10-31 00:00","srvmtszrh042.mts.pri","14.75"
"2020-10-31 00:00","srvmtszrh040.mts.pri","6.801"
"2020-10-31 01:00","srvmtszrh042.mts.pri","15.374"
"2020-10-31 01:00","srvmtszrh040.mts.pri","8.437"
"2020-10-31 02:00","srvmtszrh042.mts.pri","13.663"
"2020-10-31 02:00","srvmtszrh040.mts.pri","8.455"
"2020-10-31 03:00","srvmtszrh042.mts.pri","13.085"
"2020-10-31 03:00","srvmtszrh040.mts.pri","7.131"
"2020-10-31 04:00","srvmtszrh042.mts.pri","16.127"
"2020-10-31 04:00","srvmtszrh040.mts.pri","9.041"
"2020-10-31 05:00","srvmtszrh042.mts.pri","15.053"
"2020-10-31 05:00","srvmtszrh040.mts.pri","7.902"
"2020-10-31 06:00","srvmtszrh042.mts.pri","14.867"
"2020-10-31 06:00","srvmtszrh040.mts.pri","11.422"
"2020-10-31 07:00","srvmtszrh042.mts.pri","15.773"
"2020-10-31 07:00","srvmtszrh040.mts.pri","10.564"
"2020-10-31 08:00","srvmtszrh042.mts.pri","14.777"
"2020-10-31 08:00","srvmtszrh040.mts.pri","11.978"
"2020-10-31 09:00","srvmtszrh042.mts.pri","14.812"
"2020-10-31 09:00","srvmtszrh040.mts.pri","9.3"
"2020-10-31 10:00","srvmtszrh042.mts.pri","14.155"
"2020-10-31 10:00","srvmtszrh040.mts.pri","9.637"
"2020-10-31 11:00","srvmtszrh042.mts.pri","13.111"
"2020-10-31 11:00","srvmtszrh040.mts.pri","9.587"
"2020-10-31 12:00","srvmtszrh042.mts.pri","9.422"
"2020-10-31 12:00","srvmtszrh040.mts.pri","6.296"
"2020-10-31 13:00","srvmtszrh042.mts.pri","8.841"
"2020-10-31 13:00","srvmtszrh040.mts.pri","6.216"
"2020-10-31 14:00","srvmtszrh042.mts.pri","9.646"
"2020-10-31 14:00","srvmtszrh040.mts.pri","6.014"
"2020-10-31 15:00","srvmtszrh042.mts.pri","6.955"
"2020-10-31 15:00","srvmtszrh040.mts.pri","5.638"
"2020-10-31 16:00","srvmtszrh042.mts.pri","7.006"
"2020-10-31 16:00","srvmtszrh040.mts.pri","6.109"
"2020-10-31 17:00","srvmtszrh042.mts.pri","7.592"
"2020-10-31 17:00","srvmtszrh040.mts.pri","5.467"
"2020-10-31 18:00","srvmtszrh042.mts.pri","9.421"
"2020-10-31 18:00","srvmtszrh040.mts.pri","5.707"
"2020-10-31 19:00","srvmtszrh042.mts.pri","9.176"
"2020-10-31 19:00","srvmtszrh040.mts.pri","4.904"
"2020-10-31 20:00","srvmtszrh042.mts.pri","8.956"
"2020-10-31 20:00","srvmtszrh040.mts.pri","6.064"
"2020-10-31 21:00","srvmtszrh042.mts.pri","9.821"
"2020-10-31 21:00","srvmtszrh040.mts.pri","4.496"
"2020-10-31 22:00","srvmtszrh042.mts.pri","10.004"
"2020-10-31 22:00","srvmtszrh040.mts.pri","5.617"
"2020-10-31 23:00","srvmtszrh042.mts.pri","8.329"
"2020-10-31 23:00","srvmtszrh040.mts.pri","4.785"
"2020-10-19 00:00","srvmtszrh042.mts.pri","12.018"
"2020-10-19 00:00","srvmtszrh040.mts.pri","11.485"
"2020-10-19 01:00","srvmtszrh042.mts.pri","12.448"
"2020-10-19 01:00","srvmtszrh040.mts.pri","12.125"
"2020-10-19 02:00","srvmtszrh040.mts.pri","12.454"
"2020-10-19 02:00","srvmtszrh042.mts.pri","12.067"
"2020-10-19 03:00","srvmtszrh042.mts.pri","11.906"
"2020-10-19 03:00","srvmtszrh040.mts.pri","6.974"
"2020-10-19 04:00","srvmtszrh042.mts.pri","12.601"
"2020-10-19 04:00","srvmtszrh040.mts.pri","10.157"
"2020-10-19 05:00","srvmtszrh042.mts.pri","14.046"
"2020-10-19 05:00","srvmtszrh040.mts.pri","11.635"
"2020-10-19 06:00","srvmtszrh040.mts.pri","16.004"
"2020-10-19 06:00","srvmtszrh042.mts.pri","13.264"
"2020-10-19 07:00","srvmtszrh040.mts.pri","17.39"
"2020-10-19 07:00","srvmtszrh042.mts.pri","14.977"
"2020-10-19 08:00","srvmtszrh040.mts.pri","16.072"
"2020-10-19 08:00","srvmtszrh042.mts.pri","10.786"
"2020-10-19 09:00","srvmtszrh040.mts.pri","10.605"
"2020-10-19 09:00","srvmtszrh042.mts.pri","8.062"
"2020-10-19 10:00","srvmtszrh040.mts.pri","7.514"
"2020-10-19 10:00","srvmtszrh042.mts.pri","5.739"
"2020-10-19 11:00","srvmtszrh040.mts.pri","9.965"
"2020-10-19 11:00","srvmtszrh042.mts.pri","5.266"
"2020-10-19 12:00","srvmtszrh040.mts.pri","8.412"
"2020-10-19 12:00","srvmtszrh042.mts.pri","3.151"
"2020-10-19 13:00","srvmtszrh040.mts.pri","9.317"
"2020-10-19 13:00","srvmtszrh042.mts.pri","4.268"
"2020-10-19 14:00","srvmtszrh040.mts.pri","12.106"
"2020-10-19 14:00","srvmtszrh042.mts.pri","7.743"
"2020-10-19 15:00","srvmtszrh040.mts.pri","13.976"
"2020-10-19 15:00","srvmtszrh042.mts.pri","7.417"
"2020-10-19 16:00","srvmtszrh040.mts.pri","13.916"
"2020-10-19 16:00","srvmtszrh042.mts.pri","9.535"
"2020-10-19 17:00","srvmtszrh040.mts.pri","13.016"
"2020-10-19 17:00","srvmtszrh042.mts.pri","5.975"
"2020-10-19 18:00","srvmtszrh040.mts.pri","12.807"
"2020-10-19 18:00","srvmtszrh042.mts.pri","7.408"
"2020-10-19 19:00","srvmtszrh040.mts.pri","13.108"
"2020-10-19 19:00","srvmtszrh042.mts.pri","7.873"
"2020-10-19 20:00","srvmtszrh040.mts.pri","13.235"
"2020-10-19 20:00","srvmtszrh042.mts.pri","9.404"
"2020-10-19 21:00","srvmtszrh040.mts.pri","13.708"
"2020-10-19 21:00","srvmtszrh042.mts.pri","10.625"
"2020-10-19 22:00","srvmtszrh040.mts.pri","14.432"
"2020-10-19 22:00","srvmtszrh042.mts.pri","11.839"
"2020-10-19 23:00","srvmtszrh040.mts.pri","15.067"
"2020-10-19 23:00","srvmtszrh042.mts.pri","11.129"
"2020-10-20 00:00","srvmtszrh040.mts.pri","14.708"
"2020-10-20 00:00","srvmtszrh042.mts.pri","11.283"
"2020-10-20 01:00","srvmtszrh040.mts.pri","14.277"
"2020-10-20 01:00","srvmtszrh042.mts.pri","10.94"
"2020-10-20 02:00","srvmtszrh040.mts.pri","14.336"
"2020-10-20 02:00","srvmtszrh042.mts.pri","11.483"
"2020-10-20 03:00","srvmtszrh040.mts.pri","9.794"
"2020-10-20 03:00","srvmtszrh042.mts.pri","9.358"
"2020-10-20 04:00","srvmtszrh042.mts.pri","14.234"
"2020-10-20 04:00","srvmtszrh040.mts.pri","13.822"
"2020-10-20 05:00","srvmtszrh042.mts.pri","12.338"
"2020-10-20 05:00","srvmtszrh040.mts.pri","9.819"
"2020-10-20 06:00","srvmtszrh040.mts.pri","16.105"
"2020-10-20 06:00","srvmtszrh042.mts.pri","10.616"
"2020-10-20 07:00","srvmtszrh040.mts.pri","17.291"
"2020-10-20 07:00","srvmtszrh042.mts.pri","14.197"
"2020-10-20 08:00","srvmtszrh040.mts.pri","17.299"
"2020-10-20 08:00","srvmtszrh042.mts.pri","11.399"
"2020-10-20 09:00","srvmtszrh040.mts.pri","13.028"
"2020-10-20 09:00","srvmtszrh042.mts.pri","7.478"
"2020-10-20 10:00","srvmtszrh040.mts.pri","12.863"
"2020-10-20 10:00","srvmtszrh042.mts.pri","5.25"
"2020-10-20 11:00","srvmtszrh040.mts.pri","12.454"
"2020-10-20 11:00","srvmtszrh042.mts.pri","5.859"
"2020-10-20 12:00","srvmtszrh040.mts.pri","9.875"
"2020-10-20 12:00","srvmtszrh042.mts.pri","4.254"
"2020-10-20 13:00","srvmtszrh040.mts.pri","12.178"
"2020-10-20 13:00","srvmtszrh042.mts.pri","8.521"
"2020-10-20 14:00","srvmtszrh042.mts.pri","10.029"
"2020-10-20 14:00","srvmtszrh040.mts.pri","9.197"
"2020-10-20 15:00","srvmtszrh040.mts.pri","9.407"
"2020-10-20 15:00","srvmtszrh042.mts.pri","9.341"
"2020-10-20 16:00","srvmtszrh040.mts.pri","10.634"
"2020-10-20 16:00","srvmtszrh042.mts.pri","9.623"
"2020-10-20 17:00","srvmtszrh040.mts.pri","13.64"
"2020-10-20 17:00","srvmtszrh042.mts.pri","10.387"
"2020-10-20 18:00","srvmtszrh042.mts.pri","10.575"
"2020-10-20 18:00","srvmtszrh040.mts.pri","10.01"
"2020-10-20 19:00","srvmtszrh040.mts.pri","14.964"
"2020-10-20 19:00","srvmtszrh042.mts.pri","11.176"
"2020-10-20 20:00","srvmtszrh040.mts.pri","15.213"
"2020-10-20 20:00","srvmtszrh042.mts.pri","12.433"
"2020-10-20 21:00","srvmtszrh040.mts.pri","14.983"
"2020-10-20 21:00","srvmtszrh042.mts.pri","11.317"
"2020-10-20 22:00","srvmtszrh040.mts.pri","15.198"
"2020-10-20 22:00","srvmtszrh042.mts.pri","9.661"
"2020-10-20 23:00","srvmtszrh040.mts.pri","15.365"
"2020-10-20 23:00","srvmtszrh042.mts.pri","12.157"
"2020-10-21 00:00","srvmtszrh040.mts.pri","15.771"
"2020-10-21 00:00","srvmtszrh042.mts.pri","10.98"
"2020-10-21 01:00","srvmtszrh040.mts.pri","13.469"
"2020-10-21 01:00","srvmtszrh042.mts.pri","11.88"
"2020-10-21 02:00","srvmtszrh040.mts.pri","12.769"
"2020-10-21 02:00","srvmtszrh042.mts.pri","12.085"
"2020-10-21 03:00","srvmtszrh042.mts.pri","11.797"
"2020-10-21 03:00","srvmtszrh040.mts.pri","10.043"
"2020-10-21 04:00","srvmtszrh042.mts.pri","13.558"
"2020-10-21 04:00","srvmtszrh040.mts.pri","12.744"
"2020-10-21 05:00","srvmtszrh042.mts.pri","13.436"
"2020-10-21 05:00","srvmtszrh040.mts.pri","11.053"
"2020-10-21 06:00","srvmtszrh040.mts.pri","16.112"
"2020-10-21 06:00","srvmtszrh042.mts.pri","13.55"
"2020-10-21 07:00","srvmtszrh040.mts.pri","18.909"
"2020-10-21 07:00","srvmtszrh042.mts.pri","15.57"
"2020-10-21 08:00","srvmtszrh040.mts.pri","17.685"
"2020-10-21 08:00","srvmtszrh042.mts.pri","14.947"
"2020-10-21 09:00","srvmtszrh040.mts.pri","15.532"
"2020-10-21 09:00","srvmtszrh042.mts.pri","11.167"
"2020-10-21 10:00","srvmtszrh040.mts.pri","12.813"
"2020-10-21 10:00","srvmtszrh042.mts.pri","8.264"
"2020-10-21 11:00","srvmtszrh040.mts.pri","10.865"
"2020-10-21 11:00","srvmtszrh042.mts.pri","7.055"
"2020-10-21 12:00","srvmtszrh040.mts.pri","5.197"
"2020-10-21 12:00","srvmtszrh042.mts.pri","4.663"
"2020-10-21 13:00","srvmtszrh040.mts.pri","7.541"
"2020-10-21 13:00","srvmtszrh042.mts.pri","5.898"
"2020-10-21 14:00","srvmtszrh040.mts.pri","11.721"
"2020-10-21 14:00","srvmtszrh042.mts.pri","8.279"
"2020-10-21 15:00","srvmtszrh040.mts.pri","14.263"
"2020-10-21 15:00","srvmtszrh042.mts.pri","10.824"
"2020-10-21 16:00","srvmtszrh040.mts.pri","14.792"
"2020-10-21 16:00","srvmtszrh042.mts.pri","12.155"
"2020-10-21 17:00","srvmtszrh040.mts.pri","15.548"
"2020-10-21 17:00","srvmtszrh042.mts.pri","11.87"
"2020-10-21 18:00","srvmtszrh040.mts.pri","14.472"
"2020-10-21 18:00","srvmtszrh042.mts.pri","12.824"
"2020-10-21 19:00","srvmtszrh040.mts.pri","14.968"
"2020-10-21 19:00","srvmtszrh042.mts.pri","13.025"
"2020-10-21 20:00","srvmtszrh040.mts.pri","13.847"
"2020-10-21 20:00","srvmtszrh042.mts.pri","13.572"
"2020-10-21 21:00","srvmtszrh040.mts.pri","13.435"
"2020-10-21 21:00","srvmtszrh042.mts.pri","13.28"
"2020-10-21 22:00","srvmtszrh040.mts.pri","15.555"
"2020-10-21 22:00","srvmtszrh042.mts.pri","14.339"
"2020-10-21 23:00","srvmtszrh040.mts.pri","15.302"
"2020-10-21 23:00","srvmtszrh042.mts.pri","13.101"
"2020-10-22 00:00","srvmtszrh042.mts.pri","14.217"
"2020-10-22 00:00","srvmtszrh040.mts.pri","12.757"
"2020-10-22 01:00","srvmtszrh042.mts.pri","14.706"
"2020-10-22 01:00","srvmtszrh040.mts.pri","13.967"
"2020-10-22 02:00","srvmtszrh042.mts.pri","13.959"
"2020-10-22 02:00","srvmtszrh040.mts.pri","13.155"
"2020-10-22 03:00","srvmtszrh042.mts.pri","12.84"
"2020-10-22 03:00","srvmtszrh040.mts.pri","8.107"
"2020-10-22 04:00","srvmtszrh042.mts.pri","14.941"
"2020-10-22 04:00","srvmtszrh040.mts.pri","13.208"
"2020-10-22 05:00","srvmtszrh042.mts.pri","13.282"
"2020-10-22 05:00","srvmtszrh040.mts.pri","11.253"
"2020-10-22 06:00","srvmtszrh040.mts.pri","15.665"
"2020-10-22 06:00","srvmtszrh042.mts.pri","15.428"
"2020-10-22 07:00","srvmtszrh040.mts.pri","17.497"
"2020-10-22 07:00","srvmtszrh042.mts.pri","14.822"
"2020-10-22 08:00","srvmtszrh040.mts.pri","16.71"
"2020-10-22 08:00","srvmtszrh042.mts.pri","14.844"
"2020-10-22 09:00","srvmtszrh040.mts.pri","11.124"
"2020-10-22 09:00","srvmtszrh042.mts.pri","10.628"
"2020-10-22 10:00","srvmtszrh040.mts.pri","10.799"
"2020-10-22 10:00","srvmtszrh042.mts.pri","7.622"
"2020-10-22 11:00","srvmtszrh040.mts.pri","10.492"
"2020-10-22 11:00","srvmtszrh042.mts.pri","6.724"
"2020-10-22 12:00","srvmtszrh040.mts.pri","8.483"
"2020-10-22 12:00","srvmtszrh042.mts.pri","5.031"
"2020-10-22 13:00","srvmtszrh040.mts.pri","11.648"
"2020-10-22 13:00","srvmtszrh042.mts.pri","7.404"
"2020-10-22 14:00","srvmtszrh040.mts.pri","13.077"
"2020-10-22 14:00","srvmtszrh042.mts.pri","10.077"
"2020-10-22 15:00","srvmtszrh040.mts.pri","13.238"
"2020-10-22 15:00","srvmtszrh042.mts.pri","9.128"
"2020-10-22 16:00","srvmtszrh040.mts.pri","13.662"
"2020-10-22 16:00","srvmtszrh042.mts.pri","9.841"
"2020-10-22 17:00","srvmtszrh040.mts.pri","13.817"
"2020-10-22 17:00","srvmtszrh042.mts.pri","9.653"
"2020-10-22 18:00","srvmtszrh040.mts.pri","13.329"
"2020-10-22 18:00","srvmtszrh042.mts.pri","10.337"
"2020-10-22 19:00","srvmtszrh040.mts.pri","13.156"
"2020-10-22 19:00","srvmtszrh042.mts.pri","8.684"
"2020-10-22 20:00","srvmtszrh040.mts.pri","12.732"
"2020-10-22 20:00","srvmtszrh042.mts.pri","10.053"
"2020-10-22 21:00","srvmtszrh040.mts.pri","12.724"
"2020-10-22 21:00","srvmtszrh042.mts.pri","9.868"
"2020-10-22 22:00","srvmtszrh040.mts.pri","14.582"
"2020-10-22 22:00","srvmtszrh042.mts.pri","11.635"
"2020-10-22 23:00","srvmtszrh040.mts.pri","14.035"
"2020-10-22 23:00","srvmtszrh042.mts.pri","10.775"
"2020-10-23 00:00","srvmtszrh040.mts.pri","14.158"
"2020-10-23 00:00","srvmtszrh042.mts.pri","11.261"
"2020-10-23 01:00","srvmtszrh040.mts.pri","13.16"
"2020-10-23 01:00","srvmtszrh042.mts.pri","12.142"
"2020-10-23 02:00","srvmtszrh040.mts.pri","13.397"
"2020-10-23 02:00","srvmtszrh042.mts.pri","11.021"
"2020-10-23 03:00","srvmtszrh040.mts.pri","11.717"
"2020-10-23 03:00","srvmtszrh042.mts.pri","9.105"
"2020-10-23 04:00","srvmtszrh040.mts.pri","15.312"
"2020-10-23 04:00","srvmtszrh042.mts.pri","12.66"
"2020-10-23 05:00","srvmtszrh040.mts.pri","12.531"
"2020-10-23 05:00","srvmtszrh042.mts.pri","11.08"
"2020-10-23 06:00","srvmtszrh040.mts.pri","16.185"
"2020-10-23 06:00","srvmtszrh042.mts.pri","13.276"
"2020-10-23 07:00","srvmtszrh040.mts.pri","16.842"
"2020-10-23 07:00","srvmtszrh042.mts.pri","13.846"
"2020-10-23 08:00","srvmtszrh040.mts.pri","16.78"
"2020-10-23 08:00","srvmtszrh042.mts.pri","11.546"
"2020-10-23 09:00","srvmtszrh040.mts.pri","11.99"
"2020-10-23 09:00","srvmtszrh042.mts.pri","8.493"
"2020-10-23 10:00","srvmtszrh040.mts.pri","11.49"
"2020-10-23 10:00","srvmtszrh042.mts.pri","3.79"
"2020-10-23 11:00","srvmtszrh040.mts.pri","11.989"
"2020-10-23 11:00","srvmtszrh042.mts.pri","5.154"
"2020-10-23 12:00","srvmtszrh040.mts.pri","8.605"
"2020-10-23 12:00","srvmtszrh042.mts.pri","3.853"
"2020-10-23 13:00","srvmtszrh040.mts.pri","11.246"
"2020-10-23 13:00","srvmtszrh042.mts.pri","5.393"
"2020-10-23 14:00","srvmtszrh040.mts.pri","13.67"
"2020-10-23 14:00","srvmtszrh042.mts.pri","7.812"
"2020-10-23 15:00","srvmtszrh040.mts.pri","13.643"
"2020-10-23 15:00","srvmtszrh042.mts.pri","9.347"
"2020-10-23 16:00","srvmtszrh040.mts.pri","13.445"
"2020-10-23 16:00","srvmtszrh042.mts.pri","8.129"
"2020-10-23 17:00","srvmtszrh040.mts.pri","13.113"
"2020-10-23 17:00","srvmtszrh042.mts.pri","8.448"
"2020-10-23 18:00","srvmtszrh040.mts.pri","12.986"
"2020-10-23 18:00","srvmtszrh042.mts.pri","9.798"
"2020-10-23 19:00","srvmtszrh040.mts.pri","13.566"
"2020-10-23 19:00","srvmtszrh042.mts.pri","9.737"
"2020-10-23 20:00","srvmtszrh040.mts.pri","13.372"
"2020-10-23 20:00","srvmtszrh042.mts.pri",9
"2020-10-23 21:00","srvmtszrh040.mts.pri","13.253"
"2020-10-23 21:00","srvmtszrh042.mts.pri","11.543"
"2020-10-23 22:00","srvmtszrh040.mts.pri","15.313"
"2020-10-23 22:00","srvmtszrh042.mts.pri","11.84"
"2020-10-23 23:00","srvmtszrh040.mts.pri","13.407"
"2020-10-23 23:00","srvmtszrh042.mts.pri","9.08"
"2020-10-24 00:00","srvmtszrh040.mts.pri","11.944"
"2020-10-24 00:00","srvmtszrh042.mts.pri","9.879"
"2020-10-24 01:00","srvmtszrh040.mts.pri","14.352"
"2020-10-24 01:00","srvmtszrh042.mts.pri","11.142"
"2020-10-24 02:00","srvmtszrh040.mts.pri","13.86"
"2020-10-24 02:00","srvmtszrh042.mts.pri","10.499"
"2020-10-24 03:00","srvmtszrh040.mts.pri","12.519"
"2020-10-24 03:00","srvmtszrh042.mts.pri","11.177"
"2020-10-24 04:00","srvmtszrh040.mts.pri","14.294"
"2020-10-24 04:00","srvmtszrh042.mts.pri","11.466"
"2020-10-24 05:00","srvmtszrh042.mts.pri","11.465"
"2020-10-24 05:00","srvmtszrh040.mts.pri","11.241"
"2020-10-24 06:00","srvmtszrh040.mts.pri","15.861"
"2020-10-24 06:00","srvmtszrh042.mts.pri","10.849"
"2020-10-24 07:00","srvmtszrh042.mts.pri","14.445"
"2020-10-24 07:00","srvmtszrh040.mts.pri","14.152"
"2020-10-24 08:00","srvmtszrh040.mts.pri","17.04"
"2020-10-24 08:00","srvmtszrh042.mts.pri","14.394"
"2020-10-24 09:00","srvmtszrh040.mts.pri","13.024"
"2020-10-24 09:00","srvmtszrh042.mts.pri","11.337"
"2020-10-24 10:00","srvmtszrh040.mts.pri","14.675"
"2020-10-24 10:00","srvmtszrh042.mts.pri","11.662"
"2020-10-24 11:00","srvmtszrh040.mts.pri","13.196"
"2020-10-24 11:00","srvmtszrh042.mts.pri","8.726"
"2020-10-24 12:00","srvmtszrh040.mts.pri","9.617"
"2020-10-24 12:00","srvmtszrh042.mts.pri","5.585"
"2020-10-24 13:00","srvmtszrh040.mts.pri","9.755"
"2020-10-24 13:00","srvmtszrh042.mts.pri","5.791"
"2020-10-24 14:00","srvmtszrh040.mts.pri","9.826"
"2020-10-24 14:00","srvmtszrh042.mts.pri","7.387"
"2020-10-24 15:00","srvmtszrh040.mts.pri","9.625"
"2020-10-24 15:00","srvmtszrh042.mts.pri","6.34"
"2020-10-24 16:00","srvmtszrh040.mts.pri","9.768"
"2020-10-24 16:00","srvmtszrh042.mts.pri","5.695"
"2020-10-24 17:00","srvmtszrh040.mts.pri","9.703"
"2020-10-24 17:00","srvmtszrh042.mts.pri","5.291"
"2020-10-24 18:00","srvmtszrh040.mts.pri","9.003"
"2020-10-24 18:00","srvmtszrh042.mts.pri","5.457"
"2020-10-24 19:00","srvmtszrh040.mts.pri","8.821"
"2020-10-24 19:00","srvmtszrh042.mts.pri","6.455"
"2020-10-24 20:00","srvmtszrh040.mts.pri","9.527"
"2020-10-24 20:00","srvmtszrh042.mts.pri","5.719"
"2020-10-24 21:00","srvmtszrh040.mts.pri","8.958"
"2020-10-24 21:00","srvmtszrh042.mts.pri","5.862"
"2020-10-24 22:00","srvmtszrh040.mts.pri","10.962"
"2020-10-24 22:00","srvmtszrh042.mts.pri","6.55"
"2020-10-24 23:00","srvmtszrh040.mts.pri","9.896"
"2020-10-24 23:00","srvmtszrh042.mts.pri","5.143"
"2020-10-25 00:00","srvmtszrh040.mts.pri","9.659"
"2020-10-25 00:00","srvmtszrh042.mts.pri","6.025"
"2020-10-25 01:00","srvmtszrh040.mts.pri","8.265"
"2020-10-25 01:00","srvmtszrh042.mts.pri","6.096"
"2020-10-25 02:00","srvmtszrh042.mts.pri","11.027"
"2020-10-25 02:00","srvmtszrh040.mts.pri","9.624"
"2020-10-25 02:00","srvmtszrh040.mts.pri","9.155"
"2020-10-25 02:00","srvmtszrh042.mts.pri","5.795"
"2020-10-25 03:00","srvmtszrh042.mts.pri","5.927"
"2020-10-25 03:00","srvmtszrh040.mts.pri","4.261"
"2020-10-25 04:00","srvmtszrh040.mts.pri","7.812"
"2020-10-25 04:00","srvmtszrh042.mts.pri","5.845"
"2020-10-25 05:00","srvmtszrh042.mts.pri","5.848"
"2020-10-25 05:00","srvmtszrh040.mts.pri","4.67"
"2020-10-25 06:00","srvmtszrh040.mts.pri","8.374"
"2020-10-25 06:00","srvmtszrh042.mts.pri","7.461"
"2020-10-25 07:00","srvmtszrh040.mts.pri","9.19"
"2020-10-25 07:00","srvmtszrh042.mts.pri","7.413"
"2020-10-25 08:00","srvmtszrh040.mts.pri","10.258"
"2020-10-25 08:00","srvmtszrh042.mts.pri","6.489"
"2020-10-25 09:00","srvmtszrh042.mts.pri","10.688"
"2020-10-25 09:00","srvmtszrh040.mts.pri","8.899"
"2020-10-25 10:00","srvmtszrh040.mts.pri","10.859"
"2020-10-25 10:00","srvmtszrh042.mts.pri","8.24"
"2020-10-25 11:00","srvmtszrh040.mts.pri","11.1"
"2020-10-25 11:00","srvmtszrh042.mts.pri","8.943"
"2020-10-25 12:00","srvmtszrh040.mts.pri","9.824"
"2020-10-25 12:00","srvmtszrh042.mts.pri","6.81"
"2020-10-25 13:00","srvmtszrh040.mts.pri","13.648"
"2020-10-25 13:00","srvmtszrh042.mts.pri","10.367"
"2020-10-25 14:00","srvmtszrh040.mts.pri","13.528"
"2020-10-25 14:00","srvmtszrh042.mts.pri","8.887"
"2020-10-25 15:00","srvmtszrh040.mts.pri","15.286"
"2020-10-25 15:00","srvmtszrh042.mts.pri","10.67"
"2020-10-25 16:00","srvmtszrh040.mts.pri","14.867"
"2020-10-25 16:00","srvmtszrh042.mts.pri","9.747"
"2020-10-25 17:00","srvmtszrh040.mts.pri","15.104"
"2020-10-25 17:00","srvmtszrh042.mts.pri","9.717"
"2020-10-25 18:00","srvmtszrh040.mts.pri","14.232"
"2020-10-25 18:00","srvmtszrh042.mts.pri","9.851"
"2020-10-25 19:00","srvmtszrh040.mts.pri","14.369"
"2020-10-25 19:00","srvmtszrh042.mts.pri","9.141"
"2020-10-25 20:00","srvmtszrh040.mts.pri","14.305"
"2020-10-25 20:00","srvmtszrh042.mts.pri","10.578"
"2020-10-25 21:00","srvmtszrh040.mts.pri","14.029"
"2020-10-25 21:00","srvmtszrh042.mts.pri","10.414"
"2020-10-25 22:00","srvmtszrh040.mts.pri","16.372"
"2020-10-25 22:00","srvmtszrh042.mts.pri","9.479"
"2020-10-25 23:00","srvmtszrh040.mts.pri","16.064"
"2020-10-25 23:00","srvmtszrh042.mts.pri","11.281"
"2020-10-12 00:00","srvmtszrh042.mts.pri","14.748"
"2020-10-12 00:00","srvmtszrh040.mts.pri","13.921"
"2020-10-12 01:00","srvmtszrh040.mts.pri","14.81"
"2020-10-12 01:00","srvmtszrh042.mts.pri","14.31"
"2020-10-12 02:00","srvmtszrh042.mts.pri","14.144"
"2020-10-12 02:00","srvmtszrh040.mts.pri","13.81"
"2020-10-12 03:00","srvmtszrh042.mts.pri","12.601"
"2020-10-12 03:00","srvmtszrh040.mts.pri","10.025"
"2020-10-12 04:00","srvmtszrh042.mts.pri","14.815"
"2020-10-12 04:00","srvmtszrh040.mts.pri","14.367"
"2020-10-12 05:00","srvmtszrh042.mts.pri","14.384"
"2020-10-12 05:00","srvmtszrh040.mts.pri","13.317"
"2020-10-12 06:00","srvmtszrh040.mts.pri","17.48"
"2020-10-12 06:00","srvmtszrh042.mts.pri","16.295"
"2020-10-12 07:00","srvmtszrh040.mts.pri","17.935"
"2020-10-12 07:00","srvmtszrh042.mts.pri","17.052"
"2020-10-12 08:00","srvmtszrh040.mts.pri","16.549"
"2020-10-12 08:00","srvmtszrh042.mts.pri","16.036"
"2020-10-12 09:00","srvmtszrh040.mts.pri","12.867"
"2020-10-12 09:00","srvmtszrh042.mts.pri","12.33"
"2020-10-12 10:00","srvmtszrh040.mts.pri","13.68"
"2020-10-12 10:00","srvmtszrh042.mts.pri","12.399"
"2020-10-12 11:00","srvmtszrh040.mts.pri","13.465"
"2020-10-12 11:00","srvmtszrh042.mts.pri","12.295"
"2020-10-12 12:00","srvmtszrh040.mts.pri","11.306"
"2020-10-12 12:00","srvmtszrh042.mts.pri","9.352"
"2020-10-12 13:00","srvmtszrh040.mts.pri","15.202"
"2020-10-12 13:00","srvmtszrh042.mts.pri","13.199"
"2020-10-12 14:00","srvmtszrh040.mts.pri","15.036"
"2020-10-12 14:00","srvmtszrh042.mts.pri","13.456"
"2020-10-12 15:00","srvmtszrh040.mts.pri","15.286"
"2020-10-12 15:00","srvmtszrh042.mts.pri","13.77"
"2020-10-12 16:00","srvmtszrh040.mts.pri","15.274"
"2020-10-12 16:00","srvmtszrh042.mts.pri","13.99"
"2020-10-12 17:00","srvmtszrh040.mts.pri","15.06"
"2020-10-12 17:00","srvmtszrh042.mts.pri","13.464"
"2020-10-12 18:00","srvmtszrh040.mts.pri","13.573"
"2020-10-12 18:00","srvmtszrh042.mts.pri","12.454"
"2020-10-12 19:00","srvmtszrh040.mts.pri","13.904"
"2020-10-12 19:00","srvmtszrh042.mts.pri","13.388"
"2020-10-12 20:00","srvmtszrh040.mts.pri","12.823"
"2020-10-12 20:00","srvmtszrh042.mts.pri","12.348"
"2020-10-12 21:00","srvmtszrh042.mts.pri","13.056"
"2020-10-12 21:00","srvmtszrh040.mts.pri","12.831"
"2020-10-12 22:00","srvmtszrh040.mts.pri","15.293"
"2020-10-12 22:00","srvmtszrh042.mts.pri","13.987"
"2020-10-12 23:00","srvmtszrh040.mts.pri","14.434"
"2020-10-12 23:00","srvmtszrh042.mts.pri","14.357"
"2020-10-13 00:00","srvmtszrh040.mts.pri","14.622"
"2020-10-13 00:00","srvmtszrh042.mts.pri","14.073"
"2020-10-13 01:00","srvmtszrh040.mts.pri","15.489"
"2020-10-13 01:00","srvmtszrh042.mts.pri","14.341"
"2020-10-13 02:00","srvmtszrh042.mts.pri","14.915"
"2020-10-13 02:00","srvmtszrh040.mts.pri","14.328"
"2020-10-13 03:00","srvmtszrh042.mts.pri","14.354"
"2020-10-13 03:00","srvmtszrh040.mts.pri","9.302"
"2020-10-13 04:00","srvmtszrh042.mts.pri","16.942"
"2020-10-13 04:00","srvmtszrh040.mts.pri","15.241"
"2020-10-13 05:00","srvmtszrh042.mts.pri","16.058"
"2020-10-13 05:00","srvmtszrh040.mts.pri","10.266"
"2020-10-13 06:00","srvmtszrh040.mts.pri","16.474"
"2020-10-13 06:00","srvmtszrh042.mts.pri","15.422"
"2020-10-13 07:00","srvmtszrh040.mts.pri","17.282"
"2020-10-13 07:00","srvmtszrh042.mts.pri","14.628"
"2020-10-13 08:00","srvmtszrh040.mts.pri","16.043"
"2020-10-13 08:00","srvmtszrh042.mts.pri","10.486"
"2020-10-13 09:00","srvmtszrh040.mts.pri","10.991"
"2020-10-13 09:00","srvmtszrh042.mts.pri","5.284"
"2020-10-13 10:00","srvmtszrh040.mts.pri","10.145"
"2020-10-13 10:00","srvmtszrh042.mts.pri","2.514"
"2020-10-13 11:00","srvmtszrh040.mts.pri","9.422"
"2020-10-13 11:00","srvmtszrh042.mts.pri","3.063"
"2020-10-13 12:00","srvmtszrh040.mts.pri","6.64"
"2020-10-13 12:00","srvmtszrh042.mts.pri","1.962"
"2020-10-13 13:00","srvmtszrh040.mts.pri","12.425"
"2020-10-13 13:00","srvmtszrh042.mts.pri","5.197"
"2020-10-13 14:00","srvmtszrh040.mts.pri","14.588"
"2020-10-13 14:00","srvmtszrh042.mts.pri","6.029"
"2020-10-13 15:00","srvmtszrh040.mts.pri","14.053"
"2020-10-13 15:00","srvmtszrh042.mts.pri","4.96"
"2020-10-13 16:00","srvmtszrh040.mts.pri","13.866"
"2020-10-13 16:00","srvmtszrh042.mts.pri","5.587"
"2020-10-13 17:00","srvmtszrh040.mts.pri","14.135"
"2020-10-13 17:00","srvmtszrh042.mts.pri","6.102"
"2020-10-13 18:00","srvmtszrh040.mts.pri","13.262"
"2020-10-13 18:00","srvmtszrh042.mts.pri","6.561"
"2020-10-13 19:00","srvmtszrh040.mts.pri","14.304"
"2020-10-13 19:00","srvmtszrh042.mts.pri","7.865"
"2020-10-13 20:00","srvmtszrh040.mts.pri","13.871"
"2020-10-13 20:00","srvmtszrh042.mts.pri","7.416"
"2020-10-13 21:00","srvmtszrh040.mts.pri","13.578"
"2020-10-13 21:00","srvmtszrh042.mts.pri","9.37"
"2020-10-13 22:00","srvmtszrh040.mts.pri","15.268"
"2020-10-13 22:00","srvmtszrh042.mts.pri","9.298"
"2020-10-13 23:00","srvmtszrh040.mts.pri","14.921"
"2020-10-13 23:00","srvmtszrh042.mts.pri","11.143"
"2020-10-14 00:00","srvmtszrh040.mts.pri","15.262"
"2020-10-14 00:00","srvmtszrh042.mts.pri","9.982"
"2020-10-14 01:00","srvmtszrh040.mts.pri","13.13"
"2020-10-14 01:00","srvmtszrh042.mts.pri","11.186"
"2020-10-14 02:00","srvmtszrh040.mts.pri","12.878"
"2020-10-14 02:00","srvmtszrh042.mts.pri","10.676"
"2020-10-14 03:00","srvmtszrh040.mts.pri","10.38"
"2020-10-14 03:00","srvmtszrh042.mts.pri","9.543"
"2020-10-14 04:00","srvmtszrh040.mts.pri","14.724"
"2020-10-14 04:00","srvmtszrh042.mts.pri","11.177"
"2020-10-14 05:00","srvmtszrh040.mts.pri","22.03"
"2020-10-14 05:00","srvmtszrh042.mts.pri","20.689"
"2020-10-14 06:00","srvmtszrh040.mts.pri","23.192"
"2020-10-14 06:00","srvmtszrh042.mts.pri","21.763"
"2020-10-14 07:00","srvmtszrh040.mts.pri","23.172"
"2020-10-14 07:00","srvmtszrh042.mts.pri","21.839"
"2020-10-14 08:00","srvmtszrh040.mts.pri","22.787"
"2020-10-14 08:00","srvmtszrh042.mts.pri","22.051"
"2020-10-14 09:00","srvmtszrh042.mts.pri","17.621"
"2020-10-14 09:00","srvmtszrh040.mts.pri","15.312"
"2020-10-14 10:00","srvmtszrh040.mts.pri","13.218"
"2020-10-14 10:00","srvmtszrh042.mts.pri","3.745"
"2020-10-14 11:00","srvmtszrh040.mts.pri","12.551"
"2020-10-14 11:00","srvmtszrh042.mts.pri","6.549"
"2020-10-14 12:00","srvmtszrh040.mts.pri","7.727"
"2020-10-14 12:00","srvmtszrh042.mts.pri","3.689"
"2020-10-14 13:00","srvmtszrh040.mts.pri","9.391"
"2020-10-14 13:00","srvmtszrh042.mts.pri","7.051"
"2020-10-14 14:00","srvmtszrh040.mts.pri","13.703"
"2020-10-14 14:00","srvmtszrh042.mts.pri","11.208"
"2020-10-14 15:00","srvmtszrh040.mts.pri","14.673"
"2020-10-14 15:00","srvmtszrh042.mts.pri","11.427"
"2020-10-14 16:00","srvmtszrh040.mts.pri","14.237"
"2020-10-14 16:00","srvmtszrh042.mts.pri","10.255"
"2020-10-14 17:00","srvmtszrh040.mts.pri","14.252"
"2020-10-14 17:00","srvmtszrh042.mts.pri","5.9"
"2020-10-14 18:00","srvmtszrh040.mts.pri","13.626"
"2020-10-14 18:00","srvmtszrh042.mts.pri","9.37"
"2020-10-14 19:00","srvmtszrh040.mts.pri","14.113"
"2020-10-14 19:00","srvmtszrh042.mts.pri","9.433"
"2020-10-14 20:00","srvmtszrh040.mts.pri","12.636"
"2020-10-14 20:00","srvmtszrh042.mts.pri","5.844"
"2020-10-14 21:00","srvmtszrh040.mts.pri","11.326"
"2020-10-14 21:00","srvmtszrh042.mts.pri","3.957"
"2020-10-14 22:00","srvmtszrh040.mts.pri","13.693"
"2020-10-14 22:00","srvmtszrh042.mts.pri","6.717"
"2020-10-14 23:00","srvmtszrh040.mts.pri","14.218"
"2020-10-14 23:00","srvmtszrh042.mts.pri","7.603"
"2020-10-15 00:00","srvmtszrh040.mts.pri","12.012"
"2020-10-15 00:00","srvmtszrh042.mts.pri","6.477"
"2020-10-15 01:00","srvmtszrh040.mts.pri","12.838"
"2020-10-15 01:00","srvmtszrh042.mts.pri","5.891"
"2020-10-15 02:00","srvmtszrh040.mts.pri","14.161"
"2020-10-15 02:00","srvmtszrh042.mts.pri","11.781"
"2020-10-15 03:00","srvmtszrh042.mts.pri","10.736"
"2020-10-15 03:00","srvmtszrh040.mts.pri","9.011"
"2020-10-15 04:00","srvmtszrh040.mts.pri","13.919"
"2020-10-15 04:00","srvmtszrh042.mts.pri","12.29"
"2020-10-15 05:00","srvmtszrh040.mts.pri","11.803"
"2020-10-15 05:00","srvmtszrh042.mts.pri","9.95"
"2020-10-15 06:00","srvmtszrh040.mts.pri","16.164"
"2020-10-15 06:00","srvmtszrh042.mts.pri","13.86"
"2020-10-15 07:00","srvmtszrh040.mts.pri","17.125"
"2020-10-15 07:00","srvmtszrh042.mts.pri","13.625"
"2020-10-15 08:00","srvmtszrh040.mts.pri","16.722"
"2020-10-15 08:00","srvmtszrh042.mts.pri","13.656"
"2020-10-15 09:00","srvmtszrh040.mts.pri","12.864"
"2020-10-15 09:00","srvmtszrh042.mts.pri","9.763"
"2020-10-15 10:00","srvmtszrh040.mts.pri","13.021"
"2020-10-15 10:00","srvmtszrh042.mts.pri","8.885"
"2020-10-15 11:00","srvmtszrh040.mts.pri","12.246"
"2020-10-15 11:00","srvmtszrh042.mts.pri","7.492"
"2020-10-15 12:00","srvmtszrh040.mts.pri","8.882"
"2020-10-15 12:00","srvmtszrh042.mts.pri","4.416"
"2020-10-15 13:00","srvmtszrh040.mts.pri","8.589"
"2020-10-15 13:00","srvmtszrh042.mts.pri","6.995"
"2020-10-15 14:00","srvmtszrh040.mts.pri","12.56"
"2020-10-15 14:00","srvmtszrh042.mts.pri","6.98"
"2020-10-15 15:00","srvmtszrh040.mts.pri","13.549"
"2020-10-15 15:00","srvmtszrh042.mts.pri","7.562"
"2020-10-15 16:00","srvmtszrh040.mts.pri","10.989"
"2020-10-15 16:00","srvmtszrh042.mts.pri","6.94"
"2020-10-15 17:00","srvmtszrh040.mts.pri","12.919"
"2020-10-15 17:00","srvmtszrh042.mts.pri","7.552"
"2020-10-15 18:00","srvmtszrh040.mts.pri","13.658"
"2020-10-15 18:00","srvmtszrh042.mts.pri","9.879"
"2020-10-15 19:00","srvmtszrh040.mts.pri","14.133"
"2020-10-15 19:00","srvmtszrh042.mts.pri","10.641"
"2020-10-15 20:00","srvmtszrh040.mts.pri","13.705"
"2020-10-15 20:00","srvmtszrh042.mts.pri","10.48"
"2020-10-15 21:00","srvmtszrh040.mts.pri","12.67"
"2020-10-15 21:00","srvmtszrh042.mts.pri","10.86"
"2020-10-15 22:00","srvmtszrh040.mts.pri","15.179"
"2020-10-15 22:00","srvmtszrh042.mts.pri","12.485"
"2020-10-15 23:00","srvmtszrh040.mts.pri","14.972"
"2020-10-15 23:00","srvmtszrh042.mts.pri","12.311"
"2020-10-16 00:00","srvmtszrh040.mts.pri","14.738"
"2020-10-16 00:00","srvmtszrh042.mts.pri","12.029"
"2020-10-16 01:00","srvmtszrh040.mts.pri","13.588"
"2020-10-16 01:00","srvmtszrh042.mts.pri","11.29"
"2020-10-16 02:00","srvmtszrh040.mts.pri","13.905"
"2020-10-16 02:00","srvmtszrh042.mts.pri","9.994"
"2020-10-16 03:00","srvmtszrh040.mts.pri","11.158"
"2020-10-16 03:00","srvmtszrh042.mts.pri","11.09"
"2020-10-16 04:00","srvmtszrh040.mts.pri","15.598"
"2020-10-16 04:00","srvmtszrh042.mts.pri","12.004"
"2020-10-16 05:00","srvmtszrh040.mts.pri","13.13"
"2020-10-16 05:00","srvmtszrh042.mts.pri","12.4"
"2020-10-16 06:00","srvmtszrh040.mts.pri","16.856"
"2020-10-16 06:00","srvmtszrh042.mts.pri","13.054"
"2020-10-16 07:00","srvmtszrh040.mts.pri","17.496"
"2020-10-16 07:00","srvmtszrh042.mts.pri","14.786"
"2020-10-16 08:00","srvmtszrh040.mts.pri","16.156"
"2020-10-16 08:00","srvmtszrh042.mts.pri","12.934"
"2020-10-16 09:00","srvmtszrh040.mts.pri","11.026"
"2020-10-16 09:00","srvmtszrh042.mts.pri","9.526"
"2020-10-16 10:00","srvmtszrh040.mts.pri","10.926"
"2020-10-16 10:00","srvmtszrh042.mts.pri","7.419"
"2020-10-16 11:00","srvmtszrh040.mts.pri","10.501"
"2020-10-16 11:00","srvmtszrh042.mts.pri","8.728"
"2020-10-16 12:00","srvmtszrh040.mts.pri","7.87"
"2020-10-16 12:00","srvmtszrh042.mts.pri","4.673"
"2020-10-16 13:00","srvmtszrh040.mts.pri","11.787"
"2020-10-16 13:00","srvmtszrh042.mts.pri","7.002"
"2020-10-16 14:00","srvmtszrh040.mts.pri","12.858"
"2020-10-16 14:00","srvmtszrh042.mts.pri","10.247"
"2020-10-16 15:00","srvmtszrh040.mts.pri","13.472"
"2020-10-16 15:00","srvmtszrh042.mts.pri","10.331"
"2020-10-16 16:00","srvmtszrh040.mts.pri","13.699"
"2020-10-16 16:00","srvmtszrh042.mts.pri","10.168"
"2020-10-16 17:00","srvmtszrh040.mts.pri","13.723"
"2020-10-16 17:00","srvmtszrh042.mts.pri","9.942"
"2020-10-16 18:00","srvmtszrh040.mts.pri","13.097"
"2020-10-16 18:00","srvmtszrh042.mts.pri","10.059"
"2020-10-16 19:00","srvmtszrh040.mts.pri","13.261"
"2020-10-16 19:00","srvmtszrh042.mts.pri","11.748"
"2020-10-16 20:00","srvmtszrh040.mts.pri","12.204"
"2020-10-16 20:00","srvmtszrh042.mts.pri","11.102"
"2020-10-16 21:00","srvmtszrh040.mts.pri","11.954"
"2020-10-16 21:00","srvmtszrh042.mts.pri","11.914"
"2020-10-16 22:00","srvmtszrh040.mts.pri","15.71"
"2020-10-16 22:00","srvmtszrh042.mts.pri","12.796"
"2020-10-16 23:00","srvmtszrh040.mts.pri","13.56"
"2020-10-16 23:00","srvmtszrh042.mts.pri","10.671"
"2020-10-17 00:00","srvmtszrh040.mts.pri","12.667"
"2020-10-17 00:00","srvmtszrh042.mts.pri","11.564"
"2020-10-17 01:00","srvmtszrh040.mts.pri","13.428"
"2020-10-17 01:00","srvmtszrh042.mts.pri","11.966"
"2020-10-17 02:00","srvmtszrh040.mts.pri","14.002"
"2020-10-17 02:00","srvmtszrh042.mts.pri","11.851"
"2020-10-17 03:00","srvmtszrh040.mts.pri","11.428"
"2020-10-17 03:00","srvmtszrh042.mts.pri","11.227"
"2020-10-17 04:00","srvmtszrh040.mts.pri","13.562"
"2020-10-17 04:00","srvmtszrh042.mts.pri","12.427"
"2020-10-17 05:00","srvmtszrh040.mts.pri","10.874"
"2020-10-17 05:00","srvmtszrh042.mts.pri","10.323"
"2020-10-17 06:00","srvmtszrh040.mts.pri","15.991"
"2020-10-17 06:00","srvmtszrh042.mts.pri","12.854"
"2020-10-17 07:00","srvmtszrh042.mts.pri","15.623"
"2020-10-17 07:00","srvmtszrh040.mts.pri","14.064"
"2020-10-17 08:00","srvmtszrh040.mts.pri","16.437"
"2020-10-17 08:00","srvmtszrh042.mts.pri","14.127"
"2020-10-17 09:00","srvmtszrh042.mts.pri","13.213"
"2020-10-17 09:00","srvmtszrh040.mts.pri","12.674"
"2020-10-17 10:00","srvmtszrh042.mts.pri","13.409"
"2020-10-17 10:00","srvmtszrh040.mts.pri","12.621"
"2020-10-17 11:00","srvmtszrh042.mts.pri","13.448"
"2020-10-17 11:00","srvmtszrh040.mts.pri","10.969"
"2020-10-17 12:00","srvmtszrh042.mts.pri","8.192"
"2020-10-17 12:00","srvmtszrh040.mts.pri","6.453"
"2020-10-17 13:00","srvmtszrh042.mts.pri","8.964"
"2020-10-17 13:00","srvmtszrh040.mts.pri","7.404"
"2020-10-17 14:00","srvmtszrh042.mts.pri","9.418"
"2020-10-17 14:00","srvmtszrh040.mts.pri","8.266"
"2020-10-17 15:00","srvmtszrh040.mts.pri","7.239"
"2020-10-17 15:00","srvmtszrh042.mts.pri","6.958"
"2020-10-17 16:00","srvmtszrh042.mts.pri","7.761"
"2020-10-17 16:00","srvmtszrh040.mts.pri","7.63"
"2020-10-17 17:00","srvmtszrh042.mts.pri","8.063"
"2020-10-17 17:00","srvmtszrh040.mts.pri","7.464"
"2020-10-17 18:00","srvmtszrh042.mts.pri","8.119"
"2020-10-17 18:00","srvmtszrh040.mts.pri","7.325"
"2020-10-17 19:00","srvmtszrh042.mts.pri","7.954"
"2020-10-17 19:00","srvmtszrh040.mts.pri","7.362"
"2020-10-17 20:00","srvmtszrh042.mts.pri","9.074"
"2020-10-17 20:00","srvmtszrh040.mts.pri","8.285"
"2020-10-17 21:00","srvmtszrh042.mts.pri","9.759"
"2020-10-17 21:00","srvmtszrh040.mts.pri","7.949"
"2020-10-17 22:00","srvmtszrh042.mts.pri","9.991"
"2020-10-17 22:00","srvmtszrh040.mts.pri","9.317"
"2020-10-17 23:00","srvmtszrh042.mts.pri","10.233"
"2020-10-17 23:00","srvmtszrh040.mts.pri","9.128"
"2020-10-18 00:00","srvmtszrh040.mts.pri","9.128"
"2020-10-18 00:00","srvmtszrh042.mts.pri","8.965"
"2020-10-18 01:00","srvmtszrh042.mts.pri","8.673"
"2020-10-18 01:00","srvmtszrh040.mts.pri","7.105"
"2020-10-18 02:00","srvmtszrh042.mts.pri","9.294"
"2020-10-18 02:00","srvmtszrh040.mts.pri","7.78"
"2020-10-18 03:00","srvmtszrh042.mts.pri","7.777"
"2020-10-18 03:00","srvmtszrh040.mts.pri","5.305"
"2020-10-18 04:00","srvmtszrh042.mts.pri","10.218"
"2020-10-18 04:00","srvmtszrh040.mts.pri","7.741"
"2020-10-18 05:00","srvmtszrh042.mts.pri","8.75"
"2020-10-18 05:00","srvmtszrh040.mts.pri","4.197"
"2020-10-18 06:00","srvmtszrh042.mts.pri","9.18"
"2020-10-18 06:00","srvmtszrh040.mts.pri","7.186"
"2020-10-18 07:00","srvmtszrh042.mts.pri","11.982"
"2020-10-18 07:00","srvmtszrh040.mts.pri","8.942"
"2020-10-18 08:00","srvmtszrh042.mts.pri","13.468"
"2020-10-18 08:00","srvmtszrh040.mts.pri","9.549"
"2020-10-18 09:00","srvmtszrh042.mts.pri","8.619"
"2020-10-18 09:00","srvmtszrh040.mts.pri","4.83"
"2020-10-18 10:00","srvmtszrh042.mts.pri","7.55"
"2020-10-18 10:00","srvmtszrh040.mts.pri","6.897"
"2020-10-18 11:00","srvmtszrh042.mts.pri","9.155"
"2020-10-18 11:00","srvmtszrh040.mts.pri","6.936"
"2020-10-18 12:00","srvmtszrh042.mts.pri","9.744"
"2020-10-18 12:00","srvmtszrh040.mts.pri","6.701"
"2020-10-18 13:00","srvmtszrh042.mts.pri","10.773"
"2020-10-18 13:00","srvmtszrh040.mts.pri","7.821"
"2020-10-18 14:00","srvmtszrh042.mts.pri","10.712"
"2020-10-18 14:00","srvmtszrh040.mts.pri","8.406"
"2020-10-18 15:00","srvmtszrh042.mts.pri","11.631"
"2020-10-18 15:00","srvmtszrh040.mts.pri","9.571"
"2020-10-18 16:00","srvmtszrh042.mts.pri","13.53"
"2020-10-18 16:00","srvmtszrh040.mts.pri","11.443"
"2020-10-18 17:00","srvmtszrh040.mts.pri","12.797"
"2020-10-18 17:00","srvmtszrh042.mts.pri","12.277"
"2020-10-18 18:00","srvmtszrh040.mts.pri","11.565"
"2020-10-18 18:00","srvmtszrh042.mts.pri","11.043"
"2020-10-18 19:00","srvmtszrh042.mts.pri","12.355"
"2020-10-18 19:00","srvmtszrh040.mts.pri","11.702"
"2020-10-18 20:00","srvmtszrh042.mts.pri","13.466"
"2020-10-18 20:00","srvmtszrh040.mts.pri","11.603"
"2020-10-18 21:00","srvmtszrh042.mts.pri","13.293"
"2020-10-18 21:00","srvmtszrh040.mts.pri","11.234"
"2020-10-18 22:00","srvmtszrh040.mts.pri","13.578"
"2020-10-18 22:00","srvmtszrh042.mts.pri","13.038"
"2020-10-18 23:00","srvmtszrh042.mts.pri","13.25"
"2020-10-18 23:00","srvmtszrh040.mts.pri","12.569"
"2020-10-01 00:00","srvmtszrh040.mts.pri","11.851"
"2020-10-01 00:00","srvmtszrh042.mts.pri","10.864"
"2020-10-01 01:00","srvmtszrh040.mts.pri","14.418"
"2020-10-01 01:00","srvmtszrh042.mts.pri","9.578"
"2020-10-01 02:00","srvmtszrh040.mts.pri","14.496"
"2020-10-01 02:00","srvmtszrh042.mts.pri","10.473"
"2020-10-01 03:00","srvmtszrh042.mts.pri","11.533"
"2020-10-01 03:00","srvmtszrh040.mts.pri","9.392"
"2020-10-01 04:00","srvmtszrh040.mts.pri","13.829"
"2020-10-01 04:00","srvmtszrh042.mts.pri","13.769"
"2020-10-01 05:00","srvmtszrh042.mts.pri","13.868"
"2020-10-01 05:00","srvmtszrh040.mts.pri","9.222"
"2020-10-01 06:00","srvmtszrh040.mts.pri","15.33"
"2020-10-01 06:00","srvmtszrh042.mts.pri","14.223"
"2020-10-01 07:00","srvmtszrh040.mts.pri","16.235"
"2020-10-01 07:00","srvmtszrh042.mts.pri","14.554"
"2020-10-01 08:00","srvmtszrh040.mts.pri","16.159"
"2020-10-01 08:00","srvmtszrh042.mts.pri","13.937"
"2020-10-01 09:00","srvmtszrh042.mts.pri","10.367"
"2020-10-01 09:00","srvmtszrh040.mts.pri","9.312"
"2020-10-01 10:00","srvmtszrh040.mts.pri","10.21"
"2020-10-01 10:00","srvmtszrh042.mts.pri","7.745"
"2020-10-01 11:00","srvmtszrh040.mts.pri","8.596"
"2020-10-01 11:00","srvmtszrh042.mts.pri","5.562"
"2020-10-01 12:00","srvmtszrh040.mts.pri","4.931"
"2020-10-01 12:00","srvmtszrh042.mts.pri","3.378"
"2020-10-01 13:00","srvmtszrh040.mts.pri","11.107"
"2020-10-01 13:00","srvmtszrh042.mts.pri","7.773"
"2020-10-01 14:00","srvmtszrh040.mts.pri","11.081"
"2020-10-01 14:00","srvmtszrh042.mts.pri","7.439"
"2020-10-01 15:00","srvmtszrh040.mts.pri","9.633"
"2020-10-01 15:00","srvmtszrh042.mts.pri","7.75"
"2020-10-01 16:00","srvmtszrh042.mts.pri","7.736"
"2020-10-01 16:00","srvmtszrh040.mts.pri","7.195"
"2020-10-01 17:00","srvmtszrh042.mts.pri","7.445"
"2020-10-01 17:00","srvmtszrh040.mts.pri","4.216"
"2020-10-01 18:00","srvmtszrh042.mts.pri","8.07"
"2020-10-01 18:00","srvmtszrh040.mts.pri","4.016"
"2020-10-01 19:00","srvmtszrh042.mts.pri","9.097"
"2020-10-01 19:00","srvmtszrh040.mts.pri","5.001"
"2020-10-01 20:00","srvmtszrh042.mts.pri","9.542"
"2020-10-01 20:00","srvmtszrh040.mts.pri","4.428"
"2020-10-01 21:00","srvmtszrh042.mts.pri","11.744"
"2020-10-01 21:00","srvmtszrh040.mts.pri","4.036"
"2020-10-01 22:00","srvmtszrh042.mts.pri","11.505"
"2020-10-01 22:00","srvmtszrh040.mts.pri","6.128"
"2020-10-01 23:00","srvmtszrh042.mts.pri","10.903"
"2020-10-01 23:00","srvmtszrh040.mts.pri","7.642"
"2020-10-02 00:00","srvmtszrh042.mts.pri","11.786"
"2020-10-02 00:00","srvmtszrh040.mts.pri","8.019"
"2020-10-02 01:00","srvmtszrh042.mts.pri","11.887"
"2020-10-02 01:00","srvmtszrh040.mts.pri","6.807"
"2020-10-02 02:00","srvmtszrh042.mts.pri","12.562"
"2020-10-02 02:00","srvmtszrh040.mts.pri","7.459"
"2020-10-02 03:00","srvmtszrh042.mts.pri","12.656"
"2020-10-02 03:00","srvmtszrh040.mts.pri","4.782"
"2020-10-02 04:00","srvmtszrh042.mts.pri","14.382"
"2020-10-02 04:00","srvmtszrh040.mts.pri","8.01"
"2020-10-02 05:00","srvmtszrh042.mts.pri","14.206"
"2020-10-02 05:00","srvmtszrh040.mts.pri","4.719"
"2020-10-02 06:00","srvmtszrh042.mts.pri","14.961"
"2020-10-02 06:00","srvmtszrh040.mts.pri","8.938"
"2020-10-02 07:00","srvmtszrh042.mts.pri","15.037"
"2020-10-02 07:00","srvmtszrh040.mts.pri","10.115"
"2020-10-02 08:00","srvmtszrh042.mts.pri","13.36"
"2020-10-02 08:00","srvmtszrh040.mts.pri","10.797"
"2020-10-02 09:00","srvmtszrh042.mts.pri","10.825"
"2020-10-02 09:00","srvmtszrh040.mts.pri","6.431"
"2020-10-02 10:00","srvmtszrh040.mts.pri","11.393"
"2020-10-02 10:00","srvmtszrh042.mts.pri","8.33"
"2020-10-02 11:00","srvmtszrh040.mts.pri","9.988"
"2020-10-02 11:00","srvmtszrh042.mts.pri","7.152"
"2020-10-02 12:00","srvmtszrh042.mts.pri","5.768"
"2020-10-02 12:00","srvmtszrh040.mts.pri","5.467"
"2020-10-02 13:00","srvmtszrh042.mts.pri","9.469"
"2020-10-02 13:00","srvmtszrh040.mts.pri","5.157"
"2020-10-02 14:00","srvmtszrh042.mts.pri","10.822"
"2020-10-02 14:00","srvmtszrh040.mts.pri","7.728"
"2020-10-02 15:00","srvmtszrh042.mts.pri","9.418"
"2020-10-02 15:00","srvmtszrh040.mts.pri","8.783"
"2020-10-02 16:00","srvmtszrh040.mts.pri","11.605"
"2020-10-02 16:00","srvmtszrh042.mts.pri","6.599"
"2020-10-02 17:00","srvmtszrh040.mts.pri","10.786"
"2020-10-02 17:00","srvmtszrh042.mts.pri","8.361"
"2020-10-02 18:00","srvmtszrh040.mts.pri","9.367"
"2020-10-02 18:00","srvmtszrh042.mts.pri","8.244"
"2020-10-02 19:00","srvmtszrh040.mts.pri","11.317"
"2020-10-02 19:00","srvmtszrh042.mts.pri","10.683"
"2020-10-02 20:00","srvmtszrh040.mts.pri","10.873"
"2020-10-02 20:00","srvmtszrh042.mts.pri","10.752"
"2020-10-02 21:00","srvmtszrh042.mts.pri","11.417"
"2020-10-02 21:00","srvmtszrh040.mts.pri","9.764"
"2020-10-02 22:00","srvmtszrh042.mts.pri","12.571"
"2020-10-02 22:00","srvmtszrh040.mts.pri","11.426"
"2020-10-02 23:00","srvmtszrh040.mts.pri","11.197"
"2020-10-02 23:00","srvmtszrh042.mts.pri","10.249"
"2020-10-03 00:00","srvmtszrh040.mts.pri","11.86"
"2020-10-03 00:00","srvmtszrh042.mts.pri","11.323"
"2020-10-03 01:00","srvmtszrh040.mts.pri","12.903"
"2020-10-03 01:00","srvmtszrh042.mts.pri","12.351"
"2020-10-03 02:00","srvmtszrh040.mts.pri","13.185"
"2020-10-03 02:00","srvmtszrh042.mts.pri","12.894"
"2020-10-03 03:00","srvmtszrh042.mts.pri","11.485"
"2020-10-03 03:00","srvmtszrh040.mts.pri","9.509"
"2020-10-03 04:00","srvmtszrh042.mts.pri","13.778"
"2020-10-03 04:00","srvmtszrh040.mts.pri","13.294"
"2020-10-03 05:00","srvmtszrh042.mts.pri","14.017"
"2020-10-03 05:00","srvmtszrh040.mts.pri","7.643"
"2020-10-03 06:00","srvmtszrh040.mts.pri","15.581"
"2020-10-03 06:00","srvmtszrh042.mts.pri","14.67"
"2020-10-03 07:00","srvmtszrh042.mts.pri","14.644"
"2020-10-03 07:00","srvmtszrh040.mts.pri","14.512"
"2020-10-03 08:00","srvmtszrh040.mts.pri","16.464"
"2020-10-03 08:00","srvmtszrh042.mts.pri","15.128"
"2020-10-03 09:00","srvmtszrh042.mts.pri","11.622"
"2020-10-03 09:00","srvmtszrh040.mts.pri","8.765"
"2020-10-03 10:00","srvmtszrh042.mts.pri","12.645"
"2020-10-03 10:00","srvmtszrh040.mts.pri","11.57"
"2020-10-03 11:00","srvmtszrh040.mts.pri","10.843"
"2020-10-03 11:00","srvmtszrh042.mts.pri","9.962"
"2020-10-03 12:00","srvmtszrh040.mts.pri","5.969"
"2020-10-03 12:00","srvmtszrh042.mts.pri","5.371"
"2020-10-03 13:00","srvmtszrh040.mts.pri","7.627"
"2020-10-03 13:00","srvmtszrh042.mts.pri","5.663"
"2020-10-03 14:00","srvmtszrh040.mts.pri","7.316"
"2020-10-03 14:00","srvmtszrh042.mts.pri","6.991"
"2020-10-03 15:00","srvmtszrh040.mts.pri","8.479"
"2020-10-03 15:00","srvmtszrh042.mts.pri","6.53"
"2020-10-03 16:00","srvmtszrh040.mts.pri","7.819"
"2020-10-03 16:00","srvmtszrh042.mts.pri","5.453"
"2020-10-03 17:00","srvmtszrh040.mts.pri","8.517"
"2020-10-03 17:00","srvmtszrh042.mts.pri","4.786"
"2020-10-03 18:00","srvmtszrh040.mts.pri","5.849"
"2020-10-03 18:00","srvmtszrh042.mts.pri","5.373"
"2020-10-03 19:00","srvmtszrh040.mts.pri","6.828"
"2020-10-03 19:00","srvmtszrh042.mts.pri","5.99"
"2020-10-03 20:00","srvmtszrh040.mts.pri","6.558"
"2020-10-03 20:00","srvmtszrh042.mts.pri","5.404"
"2020-10-03 21:00","srvmtszrh040.mts.pri","6.36"
"2020-10-03 21:00","srvmtszrh042.mts.pri","5.686"
"2020-10-03 22:00","srvmtszrh040.mts.pri","8.378"
"2020-10-03 22:00","srvmtszrh042.mts.pri","7.931"
"2020-10-03 23:00","srvmtszrh040.mts.pri","9.379"
"2020-10-03 23:00","srvmtszrh042.mts.pri","6.86"
"2020-10-04 00:00","srvmtszrh040.mts.pri","9.087"
"2020-10-04 00:00","srvmtszrh042.mts.pri","5.724"
"2020-10-04 01:00","srvmtszrh040.mts.pri","7.045"
"2020-10-04 01:00","srvmtszrh042.mts.pri","5.11"
"2020-10-04 02:00","srvmtszrh040.mts.pri","8.59"
"2020-10-04 02:00","srvmtszrh042.mts.pri","5.034"
"2020-10-04 03:00","srvmtszrh042.mts.pri","5.02"
"2020-10-04 03:00","srvmtszrh040.mts.pri","4.707"
"2020-10-04 04:00","srvmtszrh040.mts.pri","7.41"
"2020-10-04 04:00","srvmtszrh042.mts.pri","6.078"
"2020-10-04 05:00","srvmtszrh042.mts.pri","5.031"
"2020-10-04 05:00","srvmtszrh040.mts.pri","3.449"
"2020-10-04 06:00","srvmtszrh040.mts.pri","8.517"
"2020-10-04 06:00","srvmtszrh042.mts.pri","7.43"
"2020-10-04 07:00","srvmtszrh040.mts.pri","8.41"
"2020-10-04 07:00","srvmtszrh042.mts.pri","6.25"
"2020-10-04 08:00","srvmtszrh040.mts.pri","9.268"
"2020-10-04 08:00","srvmtszrh042.mts.pri","7.891"
"2020-10-04 09:00","srvmtszrh042.mts.pri","6.795"
"2020-10-04 09:00","srvmtszrh040.mts.pri","4.517"
"2020-10-04 10:00","srvmtszrh040.mts.pri","8.354"
"2020-10-04 10:00","srvmtszrh042.mts.pri","7.193"
"2020-10-04 11:00","srvmtszrh040.mts.pri","10.125"
"2020-10-04 11:00","srvmtszrh042.mts.pri","9.816"
"2020-10-04 12:00","srvmtszrh040.mts.pri","10.9"
"2020-10-04 12:00","srvmtszrh042.mts.pri","10.61"
"2020-10-04 13:00","srvmtszrh040.mts.pri","13.018"
"2020-10-04 13:00","srvmtszrh042.mts.pri","11.229"
"2020-10-04 14:00","srvmtszrh040.mts.pri","13.356"
"2020-10-04 14:00","srvmtszrh042.mts.pri","11.142"
"2020-10-04 15:00","srvmtszrh040.mts.pri","12.351"
"2020-10-04 15:00","srvmtszrh042.mts.pri","10.588"
"2020-10-04 16:00","srvmtszrh040.mts.pri","13.406"
"2020-10-04 16:00","srvmtszrh042.mts.pri","9.916"
"2020-10-04 17:00","srvmtszrh040.mts.pri","13.168"
"2020-10-04 17:00","srvmtszrh042.mts.pri","8.853"
"2020-10-04 18:00","srvmtszrh040.mts.pri","11.817"
"2020-10-04 18:00","srvmtszrh042.mts.pri","7.817"
"2020-10-04 19:00","srvmtszrh040.mts.pri","12.291"
"2020-10-04 19:00","srvmtszrh042.mts.pri","11.574"
"2020-10-04 20:00","srvmtszrh040.mts.pri","12.17"
"2020-10-04 20:00","srvmtszrh042.mts.pri","12.061"
"2020-10-04 21:00","srvmtszrh042.mts.pri","12.686"
"2020-10-04 21:00","srvmtszrh040.mts.pri","11.522"
"2020-10-04 22:00","srvmtszrh040.mts.pri","13.681"
"2020-10-04 22:00","srvmtszrh042.mts.pri","13.158"
"2020-10-04 23:00","srvmtszrh040.mts.pri","14.137"
"2020-10-04 23:00","srvmtszrh042.mts.pri","13.182"
"2020-10-05 00:00","srvmtszrh040.mts.pri","13.141"
"2020-10-05 00:00","srvmtszrh042.mts.pri","11.504"
"2020-10-05 01:00","srvmtszrh040.mts.pri","14.182"
"2020-10-05 01:00","srvmtszrh042.mts.pri","11.264"
"2020-10-05 02:00","srvmtszrh040.mts.pri","14.618"
"2020-10-05 02:00","srvmtszrh042.mts.pri","9.95"
"2020-10-05 03:00","srvmtszrh042.mts.pri","11.511"
"2020-10-05 03:00","srvmtszrh040.mts.pri","7.847"
"2020-10-05 04:00","srvmtszrh042.mts.pri","14.949"
"2020-10-05 04:00","srvmtszrh040.mts.pri","13.884"
"2020-10-05 05:00","srvmtszrh042.mts.pri","13.749"
"2020-10-05 05:00","srvmtszrh040.mts.pri","11.115"
"2020-10-05 06:00","srvmtszrh040.mts.pri","16.886"
"2020-10-05 06:00","srvmtszrh042.mts.pri","15.557"
"2020-10-05 07:00","srvmtszrh040.mts.pri","17.033"
"2020-10-05 07:00","srvmtszrh042.mts.pri","16.315"
"2020-10-05 08:00","srvmtszrh040.mts.pri","16.234"
"2020-10-05 08:00","srvmtszrh042.mts.pri","14.859"
"2020-10-05 09:00","srvmtszrh042.mts.pri","11.095"
"2020-10-05 09:00","srvmtszrh040.mts.pri","10.999"
"2020-10-05 10:00","srvmtszrh040.mts.pri","9.7"
"2020-10-05 10:00","srvmtszrh042.mts.pri","8.475"
"2020-10-05 11:00","srvmtszrh040.mts.pri","9.284"
"2020-10-05 11:00","srvmtszrh042.mts.pri","6.466"
"2020-10-05 12:00","srvmtszrh040.mts.pri","6.338"
"2020-10-05 12:00","srvmtszrh042.mts.pri","1.271"
"2020-10-05 13:00","srvmtszrh040.mts.pri","8.816"
"2020-10-05 13:00","srvmtszrh042.mts.pri","6.295"
"2020-10-05 14:00","srvmtszrh040.mts.pri","12.806"
"2020-10-05 14:00","srvmtszrh042.mts.pri","11.832"
"2020-10-05 15:00","srvmtszrh040.mts.pri","12.091"
"2020-10-05 15:00","srvmtszrh042.mts.pri","10.259"
"2020-10-05 16:00","srvmtszrh040.mts.pri","11.345"
"2020-10-05 16:00","srvmtszrh042.mts.pri","9.929"
"2020-10-05 17:00","srvmtszrh040.mts.pri","11.317"
"2020-10-05 17:00","srvmtszrh042.mts.pri","7.897"
"2020-10-05 18:00","srvmtszrh042.mts.pri","10.985"
"2020-10-05 18:00","srvmtszrh040.mts.pri","10.891"
"2020-10-05 19:00","srvmtszrh040.mts.pri","12.645"
"2020-10-05 19:00","srvmtszrh042.mts.pri","10.649"
"2020-10-05 20:00","srvmtszrh040.mts.pri","14.094"
"2020-10-05 20:00","srvmtszrh042.mts.pri","12.703"
"2020-10-05 21:00","srvmtszrh040.mts.pri","14.537"
"2020-10-05 21:00","srvmtszrh042.mts.pri","14.428"
"2020-10-05 22:00","srvmtszrh040.mts.pri","14.799"
"2020-10-05 22:00","srvmtszrh042.mts.pri","13.772"
"2020-10-05 23:00","srvmtszrh040.mts.pri","14.916"
"2020-10-05 23:00","srvmtszrh042.mts.pri","11.457"
"2020-10-06 00:00","srvmtszrh040.mts.pri","13.862"
"2020-10-06 00:00","srvmtszrh042.mts.pri","10.596"
"2020-10-06 01:00","srvmtszrh040.mts.pri","14.97"
"2020-10-06 01:00","srvmtszrh042.mts.pri","11.784"
"2020-10-06 02:00","srvmtszrh040.mts.pri","15.347"
"2020-10-06 02:00","srvmtszrh042.mts.pri","11.992"
"2020-10-06 03:00","srvmtszrh042.mts.pri","11.831"
"2020-10-06 03:00","srvmtszrh040.mts.pri","10.269"
"2020-10-06 04:00","srvmtszrh040.mts.pri","15.125"
"2020-10-06 04:00","srvmtszrh042.mts.pri","9.749"
"2020-10-06 05:00","srvmtszrh042.mts.pri","12.273"
"2020-10-06 05:00","srvmtszrh040.mts.pri","10.736"
"2020-10-06 06:00","srvmtszrh040.mts.pri","17.09"
"2020-10-06 06:00","srvmtszrh042.mts.pri","11.158"
"2020-10-06 07:00","srvmtszrh040.mts.pri","16.871"
"2020-10-06 07:00","srvmtszrh042.mts.pri","14.587"
"2020-10-06 08:00","srvmtszrh040.mts.pri","15.89"
"2020-10-06 08:00","srvmtszrh042.mts.pri","12.893"
"2020-10-06 09:00","srvmtszrh040.mts.pri","10.768"
"2020-10-06 09:00","srvmtszrh042.mts.pri","8.791"
"2020-10-06 10:00","srvmtszrh040.mts.pri","12.438"
"2020-10-06 10:00","srvmtszrh042.mts.pri","5.374"
"2020-10-06 11:00","srvmtszrh040.mts.pri","11.359"
"2020-10-06 11:00","srvmtszrh042.mts.pri","5.62"
"2020-10-06 12:00","srvmtszrh040.mts.pri","7.84"
"2020-10-06 12:00","srvmtszrh042.mts.pri","5.153"
"2020-10-06 13:00","srvmtszrh040.mts.pri","12.153"
"2020-10-06 13:00","srvmtszrh042.mts.pri","7.808"
"2020-10-06 14:00","srvmtszrh040.mts.pri","11.765"
"2020-10-06 14:00","srvmtszrh042.mts.pri","11.219"
"2020-10-06 15:00","srvmtszrh040.mts.pri","12.093"
"2020-10-06 15:00","srvmtszrh042.mts.pri","9.42"
"2020-10-06 16:00","srvmtszrh040.mts.pri","12.823"
"2020-10-06 16:00","srvmtszrh042.mts.pri","10.596"
"2020-10-06 17:00","srvmtszrh040.mts.pri","11.849"
"2020-10-06 17:00","srvmtszrh042.mts.pri","8.94"
"2020-10-06 18:00","srvmtszrh042.mts.pri","10.398"
"2020-10-06 18:00","srvmtszrh040.mts.pri","5.065"
"2020-10-06 19:00","srvmtszrh042.mts.pri","13.794"
"2020-10-06 19:00","srvmtszrh040.mts.pri","12.317"
"2020-10-06 20:00","srvmtszrh042.mts.pri","13.435"
"2020-10-06 20:00","srvmtszrh040.mts.pri","13.132"
"2020-10-06 21:00","srvmtszrh042.mts.pri","14.323"
"2020-10-06 21:00","srvmtszrh040.mts.pri","12.85"
"2020-10-06 22:00","srvmtszrh040.mts.pri","15.765"
"2020-10-06 22:00","srvmtszrh042.mts.pri","14.47"
"2020-10-06 23:00","srvmtszrh040.mts.pri","15.7"
"2020-10-06 23:00","srvmtszrh042.mts.pri","12.745"
"2020-10-07 00:00","srvmtszrh040.mts.pri","14.998"
"2020-10-07 00:00","srvmtszrh042.mts.pri","13.875"
"2020-10-07 01:00","srvmtszrh042.mts.pri","14.012"
"2020-10-07 01:00","srvmtszrh040.mts.pri","12.877"
"2020-10-07 02:00","srvmtszrh040.mts.pri","13.604"
"2020-10-07 02:00","srvmtszrh042.mts.pri","11.483"
"2020-10-07 03:00","srvmtszrh042.mts.pri","11.05"
"2020-10-07 03:00","srvmtszrh040.mts.pri","10.095"
"2020-10-07 04:00","srvmtszrh040.mts.pri","14.497"
"2020-10-07 04:00","srvmtszrh042.mts.pri","13.18"
"2020-10-07 05:00","srvmtszrh042.mts.pri","13.873"
"2020-10-07 05:00","srvmtszrh040.mts.pri","11.964"
"2020-10-07 06:00","srvmtszrh040.mts.pri","16.44"
"2020-10-07 06:00","srvmtszrh042.mts.pri","15.876"
"2020-10-07 07:00","srvmtszrh040.mts.pri","17.371"
"2020-10-07 07:00","srvmtszrh042.mts.pri","16.112"
"2020-10-07 08:00","srvmtszrh040.mts.pri","16.558"
"2020-10-07 08:00","srvmtszrh042.mts.pri","14.487"
"2020-10-07 09:00","srvmtszrh040.mts.pri","11.352"
"2020-10-07 09:00","srvmtszrh042.mts.pri","10.7"
"2020-10-07 10:00","srvmtszrh040.mts.pri","11.981"
"2020-10-07 10:00","srvmtszrh042.mts.pri","8.832"
"2020-10-07 11:00","srvmtszrh040.mts.pri","11.252"
"2020-10-07 11:00","srvmtszrh042.mts.pri","9.612"
"2020-10-07 12:00","srvmtszrh040.mts.pri","7.97"
"2020-10-07 12:00","srvmtszrh042.mts.pri","6.366"
"2020-10-07 13:00","srvmtszrh040.mts.pri","8.271"
"2020-10-07 13:00","srvmtszrh042.mts.pri","5.239"
"2020-10-07 14:00","srvmtszrh040.mts.pri","13.15"
"2020-10-07 14:00","srvmtszrh042.mts.pri","5.14"
"2020-10-07 15:00","srvmtszrh040.mts.pri","13.6"
"2020-10-07 15:00","srvmtszrh042.mts.pri","6.315"
"2020-10-07 16:00","srvmtszrh040.mts.pri","13.2"
"2020-10-07 16:00","srvmtszrh042.mts.pri","4.744"
"2020-10-07 17:00","srvmtszrh040.mts.pri","13.919"
"2020-10-07 17:00","srvmtszrh042.mts.pri","4.753"
"2020-10-07 18:00","srvmtszrh040.mts.pri","13.556"
"2020-10-07 18:00","srvmtszrh042.mts.pri","6.994"
"2020-10-07 19:00","srvmtszrh040.mts.pri","13.782"
"2020-10-07 19:00","srvmtszrh042.mts.pri","7.843"
"2020-10-07 20:00","srvmtszrh040.mts.pri","13.267"
"2020-10-07 20:00","srvmtszrh042.mts.pri","8.103"
"2020-10-07 21:00","srvmtszrh040.mts.pri","12.64"
"2020-10-07 21:00","srvmtszrh042.mts.pri","6.954"
"2020-10-07 22:00","srvmtszrh040.mts.pri","14.635"
"2020-10-07 22:00","srvmtszrh042.mts.pri","7.835"
"2020-10-07 23:00","srvmtszrh040.mts.pri","14.724"
"2020-10-07 23:00","srvmtszrh042.mts.pri","8.666"
"2020-10-08 00:00","srvmtszrh040.mts.pri","12.599"
"2020-10-08 00:00","srvmtszrh042.mts.pri","7.19"
"2020-10-08 01:00","srvmtszrh040.mts.pri","13.619"
"2020-10-08 01:00","srvmtszrh042.mts.pri","9.149"
"2020-10-08 02:00","srvmtszrh040.mts.pri","13.545"
"2020-10-08 02:00","srvmtszrh042.mts.pri","9.58"
"2020-10-08 03:00","srvmtszrh040.mts.pri","9.298"
"2020-10-08 03:00","srvmtszrh042.mts.pri","8.405"
"2020-10-08 04:00","srvmtszrh040.mts.pri","14.26"
"2020-10-08 04:00","srvmtszrh042.mts.pri","9.443"
"2020-10-08 05:00","srvmtszrh040.mts.pri","13.062"
"2020-10-08 05:00","srvmtszrh042.mts.pri","10.278"
"2020-10-08 06:00","srvmtszrh040.mts.pri","17.521"
"2020-10-08 06:00","srvmtszrh042.mts.pri","12.396"
"2020-10-08 07:00","srvmtszrh040.mts.pri","17.943"
"2020-10-08 07:00","srvmtszrh042.mts.pri","13.06"
"2020-10-08 08:00","srvmtszrh040.mts.pri","16.595"
"2020-10-08 08:00","srvmtszrh042.mts.pri","10.593"
"2020-10-08 09:00","srvmtszrh040.mts.pri","11.877"
"2020-10-08 09:00","srvmtszrh042.mts.pri","10.912"
"2020-10-08 10:00","srvmtszrh040.mts.pri","12.056"
"2020-10-08 10:00","srvmtszrh042.mts.pri","9.944"
"2020-10-08 11:00","srvmtszrh040.mts.pri","12.401"
"2020-10-08 11:00","srvmtszrh042.mts.pri","7.601"
"2020-10-08 12:00","srvmtszrh040.mts.pri","6.611"
"2020-10-08 12:00","srvmtszrh042.mts.pri","6.453"
"2020-10-08 13:00","srvmtszrh040.mts.pri","11.549"
"2020-10-08 13:00","srvmtszrh042.mts.pri","9.571"
"2020-10-08 14:00","srvmtszrh040.mts.pri","13.565"
"2020-10-08 14:00","srvmtszrh042.mts.pri","9.577"
"2020-10-08 15:00","srvmtszrh040.mts.pri","13.47"
"2020-10-08 15:00","srvmtszrh042.mts.pri","13.097"
"2020-10-08 16:00","srvmtszrh042.mts.pri","16.195"
"2020-10-08 16:00","srvmtszrh040.mts.pri","13.025"
"2020-10-08 17:00","srvmtszrh040.mts.pri","13.424"
"2020-10-08 17:00","srvmtszrh042.mts.pri","8.655"
"2020-10-08 18:00","srvmtszrh040.mts.pri","11.574"
"2020-10-08 18:00","srvmtszrh042.mts.pri","9.708"
"2020-10-08 19:00","srvmtszrh040.mts.pri","13.032"
"2020-10-08 19:00","srvmtszrh042.mts.pri","11.227"
"2020-10-08 20:00","srvmtszrh042.mts.pri","15.279"
"2020-10-08 20:00","srvmtszrh040.mts.pri","10.706"
"2020-10-08 21:00","srvmtszrh042.mts.pri","14.938"
"2020-10-08 21:00","srvmtszrh040.mts.pri","12.755"
"2020-10-08 22:00","srvmtszrh042.mts.pri","16.173"
"2020-10-08 22:00","srvmtszrh040.mts.pri","15.091"
"2020-10-08 23:00","srvmtszrh042.mts.pri","15.482"
"2020-10-08 23:00","srvmtszrh040.mts.pri","13.79"
"2020-10-09 00:00","srvmtszrh042.mts.pri","15.349"
"2020-10-09 00:00","srvmtszrh040.mts.pri","14.109"
"2020-10-09 01:00","srvmtszrh042.mts.pri","14.491"
"2020-10-09 01:00","srvmtszrh040.mts.pri","12.422"
"2020-10-09 02:00","srvmtszrh042.mts.pri","15.083"
"2020-10-09 02:00","srvmtszrh040.mts.pri","13.243"
"2020-10-09 03:00","srvmtszrh042.mts.pri","13.799"
"2020-10-09 03:00","srvmtszrh040.mts.pri","11.413"
"2020-10-09 04:00","srvmtszrh042.mts.pri","15.288"
"2020-10-09 04:00","srvmtszrh040.mts.pri","13.696"
"2020-10-09 05:00","srvmtszrh042.mts.pri",14
"2020-10-09 05:00","srvmtszrh040.mts.pri","11.692"
"2020-10-09 06:00","srvmtszrh042.mts.pri","17.438"
"2020-10-09 06:00","srvmtszrh040.mts.pri","15.706"
"2020-10-09 07:00","srvmtszrh042.mts.pri","17.853"
"2020-10-09 07:00","srvmtszrh040.mts.pri","17.132"
"2020-10-09 08:00","srvmtszrh040.mts.pri","16.172"
"2020-10-09 08:00","srvmtszrh042.mts.pri","16.033"
"2020-10-09 09:00","srvmtszrh042.mts.pri","12.388"
"2020-10-09 09:00","srvmtszrh040.mts.pri","11.827"
"2020-10-09 10:00","srvmtszrh040.mts.pri","10.949"
"2020-10-09 10:00","srvmtszrh042.mts.pri","9.734"
"2020-10-09 11:00","srvmtszrh040.mts.pri","10.063"
"2020-10-09 11:00","srvmtszrh042.mts.pri","8.765"
"2020-10-09 12:00","srvmtszrh040.mts.pri","7.365"
"2020-10-09 12:00","srvmtszrh042.mts.pri","6.712"
"2020-10-09 13:00","srvmtszrh040.mts.pri","11.929"
"2020-10-09 13:00","srvmtszrh042.mts.pri","11.421"
"2020-10-09 14:00","srvmtszrh040.mts.pri","12.381"
"2020-10-09 14:00","srvmtszrh042.mts.pri","11.95"
"2020-10-09 15:00","srvmtszrh040.mts.pri","12.443"
"2020-10-09 15:00","srvmtszrh042.mts.pri","11.804"
"2020-10-09 16:00","srvmtszrh040.mts.pri","12.037"
"2020-10-09 16:00","srvmtszrh042.mts.pri","11.234"
"2020-10-09 17:00","srvmtszrh040.mts.pri","13.052"
"2020-10-09 17:00","srvmtszrh042.mts.pri","12.039"
"2020-10-09 18:00","srvmtszrh042.mts.pri","12.506"
"2020-10-09 18:00","srvmtszrh040.mts.pri",11
"2020-10-09 19:00","srvmtszrh042.mts.pri","13.553"
"2020-10-09 19:00","srvmtszrh040.mts.pri","12.511"
"2020-10-09 20:00","srvmtszrh042.mts.pri","13.734"
"2020-10-09 20:00","srvmtszrh040.mts.pri","12.333"
"2020-10-09 21:00","srvmtszrh042.mts.pri","13.898"
"2020-10-09 21:00","srvmtszrh040.mts.pri","11.476"
"2020-10-09 22:00","srvmtszrh042.mts.pri","14.782"
"2020-10-09 22:00","srvmtszrh040.mts.pri","12.736"
"2020-10-09 23:00","srvmtszrh042.mts.pri","13.171"
"2020-10-09 23:00","srvmtszrh040.mts.pri","12.01"
"2020-10-10 00:00","srvmtszrh042.mts.pri","14.577"
"2020-10-10 00:00","srvmtszrh040.mts.pri","10.765"
"2020-10-10 01:00","srvmtszrh040.mts.pri","11.921"
"2020-10-10 01:00","srvmtszrh042.mts.pri","11.863"
"2020-10-10 02:00","srvmtszrh042.mts.pri","14.555"
"2020-10-10 02:00","srvmtszrh040.mts.pri","12.657"
"2020-10-10 03:00","srvmtszrh042.mts.pri","14.878"
"2020-10-10 03:00","srvmtszrh040.mts.pri","9.488"
"2020-10-10 04:00","srvmtszrh042.mts.pri","16.766"
"2020-10-10 04:00","srvmtszrh040.mts.pri","12.549"
"2020-10-10 05:00","srvmtszrh040.mts.pri","10.888"
"2020-10-10 05:00","srvmtszrh042.mts.pri","8.457"
"2020-10-10 06:00","srvmtszrh040.mts.pri","15.767"
"2020-10-10 06:00","srvmtszrh042.mts.pri","14.128"
"2020-10-10 07:00","srvmtszrh040.mts.pri","13.669"
"2020-10-10 07:00","srvmtszrh042.mts.pri","13.012"
"2020-10-10 08:00","srvmtszrh040.mts.pri","15.922"
"2020-10-10 08:00","srvmtszrh042.mts.pri","14.12"
"2020-10-10 09:00","srvmtszrh042.mts.pri","14.31"
"2020-10-10 09:00","srvmtszrh040.mts.pri","10.443"
"2020-10-10 10:00","srvmtszrh042.mts.pri","14.693"
"2020-10-10 10:00","srvmtszrh040.mts.pri","11.898"
"2020-10-10 11:00","srvmtszrh042.mts.pri","14.22"
"2020-10-10 11:00","srvmtszrh040.mts.pri","9.169"
"2020-10-10 12:00","srvmtszrh042.mts.pri","9.923"
"2020-10-10 12:00","srvmtszrh040.mts.pri","6.118"
"2020-10-10 13:00","srvmtszrh042.mts.pri","11.376"
"2020-10-10 13:00","srvmtszrh040.mts.pri","7.052"
"2020-10-10 14:00","srvmtszrh042.mts.pri","10.921"
"2020-10-10 14:00","srvmtszrh040.mts.pri","7.969"
"2020-10-10 15:00","srvmtszrh042.mts.pri","10.847"
"2020-10-10 15:00","srvmtszrh040.mts.pri","7.417"
"2020-10-10 16:00","srvmtszrh042.mts.pri","11.149"
"2020-10-10 16:00","srvmtszrh040.mts.pri","7.646"
"2020-10-10 17:00","srvmtszrh042.mts.pri","10.647"
"2020-10-10 17:00","srvmtszrh040.mts.pri","7.614"
"2020-10-10 18:00","srvmtszrh042.mts.pri","10.22"
"2020-10-10 18:00","srvmtszrh040.mts.pri","7.212"
"2020-10-10 19:00","srvmtszrh042.mts.pri","10.177"
"2020-10-10 19:00","srvmtszrh040.mts.pri","7.304"
"2020-10-10 20:00","srvmtszrh042.mts.pri","11.528"
"2020-10-10 20:00","srvmtszrh040.mts.pri","7.501"
"2020-10-10 21:00","srvmtszrh042.mts.pri","11.24"
"2020-10-10 21:00","srvmtszrh040.mts.pri","7.136"
"2020-10-10 22:00","srvmtszrh042.mts.pri","11.184"
"2020-10-10 22:00","srvmtszrh040.mts.pri","8.748"
"2020-10-10 23:00","srvmtszrh042.mts.pri","11.46"
"2020-10-10 23:00","srvmtszrh040.mts.pri","7.066"
"2020-10-11 00:00","srvmtszrh042.mts.pri","10.378"
"2020-10-11 00:00","srvmtszrh040.mts.pri","6.498"
"2020-10-11 01:00","srvmtszrh042.mts.pri","10.773"
"2020-10-11 01:00","srvmtszrh040.mts.pri","6.82"
"2020-10-11 02:00","srvmtszrh042.mts.pri","10.024"
"2020-10-11 02:00","srvmtszrh040.mts.pri","6.154"
"2020-10-11 03:00","srvmtszrh042.mts.pri","9.52"
"2020-10-11 03:00","srvmtszrh040.mts.pri","3.892"
"2020-10-11 04:00","srvmtszrh042.mts.pri","11.364"
"2020-10-11 04:00","srvmtszrh040.mts.pri","5.958"
"2020-10-11 05:00","srvmtszrh042.mts.pri","11.493"
"2020-10-11 05:00","srvmtszrh040.mts.pri","3.391"
"2020-10-11 06:00","srvmtszrh042.mts.pri","9.75"
"2020-10-11 06:00","srvmtszrh040.mts.pri","6.369"
"2020-10-11 07:00","srvmtszrh042.mts.pri","11.911"
"2020-10-11 07:00","srvmtszrh040.mts.pri","6.946"
"2020-10-11 08:00","srvmtszrh042.mts.pri","12.193"
"2020-10-11 08:00","srvmtszrh040.mts.pri","7.612"
"2020-10-11 09:00","srvmtszrh042.mts.pri","12.465"
"2020-10-11 09:00","srvmtszrh040.mts.pri","4.822"
"2020-10-11 10:00","srvmtszrh042.mts.pri","14.148"
"2020-10-11 10:00","srvmtszrh040.mts.pri","7.643"
"2020-10-11 11:00","srvmtszrh042.mts.pri","15.744"
"2020-10-11 11:00","srvmtszrh040.mts.pri","9.95"
"2020-10-11 12:00","srvmtszrh042.mts.pri","12.71"
"2020-10-11 12:00","srvmtszrh040.mts.pri","8.117"
"2020-10-11 13:00","srvmtszrh042.mts.pri","16.087"
"2020-10-11 13:00","srvmtszrh040.mts.pri","11.197"
"2020-10-11 14:00","srvmtszrh042.mts.pri","15.925"
"2020-10-11 14:00","srvmtszrh040.mts.pri","11.683"
"2020-10-11 15:00","srvmtszrh042.mts.pri","15.846"
"2020-10-11 15:00","srvmtszrh040.mts.pri","12.897"
"2020-10-11 16:00","srvmtszrh042.mts.pri","15.324"
"2020-10-11 16:00","srvmtszrh040.mts.pri","14.99"
"2020-10-11 17:00","srvmtszrh042.mts.pri","15.681"
"2020-10-11 17:00","srvmtszrh040.mts.pri","15.61"
"2020-10-11 18:00","srvmtszrh042.mts.pri","16.232"
"2020-10-11 18:00","srvmtszrh040.mts.pri","14.754"
"2020-10-11 19:00","srvmtszrh042.mts.pri","15.591"
"2020-10-11 19:00","srvmtszrh040.mts.pri","14.97"
"2020-10-11 20:00","srvmtszrh042.mts.pri","15.289"
"2020-10-11 20:00","srvmtszrh040.mts.pri","14.797"
"2020-10-11 21:00","srvmtszrh042.mts.pri","16.589"
"2020-10-11 21:00","srvmtszrh040.mts.pri","15.014"
"2020-10-11 22:00","srvmtszrh040.mts.pri","16.461"
"2020-10-11 22:00","srvmtszrh042.mts.pri","15.272"
"2020-10-11 23:00","srvmtszrh040.mts.pri","15.445"
"2020-10-11 23:00","srvmtszrh042.mts.pri","13.903"
